Date,Commodity,Ticker,Adj Close,Close,High,Low,Open,Volume
2023-07-28,Corn,ZC=F,521.0,521.0,538.5,516.75,533.0,90547
2023-07-31,Corn,ZC=F,504.0,504.0,516.25,498.5,516.25,111158
2023-08-01,Corn,ZC=F,497.0,497.0,508.0,496.5,504.0,116230
2023-08-02,Corn,ZC=F,488.25,488.25,512.25,485.75,497.25,158406
2023-08-03,Corn,ZC=F,480.75,480.75,489.75,480.25,486.25,101378
2023-08-04,Corn,ZC=F,484.25,484.25,493.5,480.25,482.5,96911
2023-08-07,Corn,ZC=F,482.25,482.25,488.5,476.0,484.75,164880
2023-08-08,Corn,ZC=F,485.75,485.75,488.75,477.25,482.0,124554
2023-08-09,Corn,ZC=F,481.0,481.0,490.0,479.0,485.75,120224
2023-08-10,Corn,ZC=F,483.25,483.25,485.5,480.0,481.5,93318
2023-08-11,Corn,ZC=F,474.5,474.5,494.75,470.5,483.0,174425
2023-08-14,Corn,ZC=F,475.75,475.75,479.75,468.75,476.25,73606
2023-08-15,Corn,ZC=F,464.0,464.0,474.0,462.0,474.0,89967
2023-08-16,Corn,ZC=F,469.5,469.5,473.0,462.0,463.0,70843
2023-08-17,Corn,ZC=F,473.0,473.0,475.0,464.75,470.0,69172
2023-08-18,Corn,ZC=F,479.5,479.5,482.5,472.5,473.75,66477
2023-08-21,Corn,ZC=F,469.25,469.25,493.0,468.0,486.0,74711
2023-08-22,Corn,ZC=F,466.5,466.5,472.5,461.0,469.25,72976
2023-08-23,Corn,ZC=F,476.25,476.25,478.25,465.5,467.0,84523
2023-08-24,Corn,ZC=F,472.25,472.25,480.5,468.5,476.25,85162
2023-08-25,Corn,ZC=F,470.75,470.75,477.0,469.0,471.25,84408
2023-08-28,Corn,ZC=F,478.5,478.5,480.0,472.25,476.25,87576
2023-08-29,Corn,ZC=F,469.5,469.5,483.0,468.5,476.5,98795
2023-08-30,Corn,ZC=F,461.75,461.75,474.75,460.25,469.0,74605
2023-08-31,Corn,ZC=F,461.0,461.0,468.0,459.0,461.75,12073
2023-09-01,Corn,ZC=F,464.75,464.75,468.25,460.25,461.0,3311
2023-09-05,Corn,ZC=F,471.0,471.0,473.75,462.5,466.0,1553
2023-09-06,Corn,ZC=F,471.5,471.5,476.25,471.25,473.5,841
2023-09-07,Corn,ZC=F,470.75,470.75,474.0,468.5,471.25,741
2023-09-08,Corn,ZC=F,468.5,468.5,472.25,467.0,471.25,233
2023-09-11,Corn,ZC=F,471.25,471.25,471.5,468.0,470.25,430
2023-09-12,Corn,ZC=F,463.25,463.25,473.5,462.75,473.5,174
2023-09-13,Corn,ZC=F,464.0,464.0,467.75,462.5,466.75,120
2023-09-14,Corn,ZC=F,462.5,462.5,462.5,455.75,455.75,113552
2023-09-15,Corn,ZC=F,476.25,476.25,483.5,475.0,480.0,110377
2023-09-18,Corn,ZC=F,471.5,471.5,478.75,469.0,475.25,143316
2023-09-19,Corn,ZC=F,476.25,476.25,477.0,467.75,471.25,139647
2023-09-20,Corn,ZC=F,482.25,482.25,483.0,474.5,476.0,162298
2023-09-21,Corn,ZC=F,475.25,475.25,482.5,474.0,481.0,115196
2023-09-22,Corn,ZC=F,477.25,477.25,478.5,474.25,475.0,88610
2023-09-25,Corn,ZC=F,481.25,481.25,482.5,473.75,475.25,101591
2023-09-26,Corn,ZC=F,479.75,479.75,483.5,476.5,481.0,117585
2023-09-27,Corn,ZC=F,483.25,483.25,486.75,479.0,479.75,125713
2023-09-28,Corn,ZC=F,488.5,488.5,489.25,481.0,483.75,114318
2023-09-29,Corn,ZC=F,476.75,476.75,490.0,475.5,487.5,209423
2023-10-02,Corn,ZC=F,488.75,488.75,489.75,476.0,477.0,159224
2023-10-03,Corn,ZC=F,487.5,487.5,489.25,484.25,488.0,138101
2023-10-04,Corn,ZC=F,486.0,486.0,489.75,482.5,487.5,129880
2023-10-05,Corn,ZC=F,497.5,497.5,498.5,482.5,486.0,186342
2023-10-06,Corn,ZC=F,492.0,492.0,499.0,491.5,496.0,125225
2023-10-09,Corn,ZC=F,488.25,488.25,497.0,487.25,492.0,115532
2023-10-10,Corn,ZC=F,485.5,485.5,488.25,484.25,488.0,110081
2023-10-11,Corn,ZC=F,488.0,488.0,488.5,483.5,485.5,102590
2023-10-12,Corn,ZC=F,496.0,496.0,498.75,482.25,487.75,208365
2023-10-13,Corn,ZC=F,493.25,493.25,498.75,490.5,495.0,138232
2023-10-16,Corn,ZC=F,490.0,490.0,496.75,489.5,493.5,113486
2023-10-17,Corn,ZC=F,489.0,489.0,492.75,487.75,490.0,102031
2023-10-18,Corn,ZC=F,492.0,492.0,494.0,488.5,488.5,119274
2023-10-19,Corn,ZC=F,505.0,505.0,505.5,490.25,492.0,279440
2023-10-20,Corn,ZC=F,495.5,495.5,509.5,495.0,504.0,264540
2023-10-23,Corn,ZC=F,490.25,490.25,497.0,490.25,494.25,126442
2023-10-24,Corn,ZC=F,484.0,484.0,491.5,482.75,490.75,161081
2023-10-25,Corn,ZC=F,480.0,480.0,486.0,476.75,483.5,177281
2023-10-26,Corn,ZC=F,479.25,479.25,484.25,477.5,480.0,190730
2023-10-27,Corn,ZC=F,480.75,480.75,484.0,478.25,479.25,126300
2023-10-30,Corn,ZC=F,478.25,478.25,484.25,477.5,480.0,136565
2023-10-31,Corn,ZC=F,478.75,478.75,483.0,477.5,478.25,136045
2023-11-01,Corn,ZC=F,475.0,475.0,480.0,472.5,478.75,180119
2023-11-02,Corn,ZC=F,470.0,470.0,477.0,469.5,475.0,202193
2023-11-03,Corn,ZC=F,477.25,477.25,481.25,468.0,470.0,200217
2023-11-06,Corn,ZC=F,477.25,477.25,480.75,476.75,477.25,131646
2023-11-07,Corn,ZC=F,468.5,468.5,477.5,468.0,477.0,215810
2023-11-08,Corn,ZC=F,476.0,476.0,480.5,468.5,469.0,322782
2023-11-09,Corn,ZC=F,468.0,468.0,476.0,466.5,475.0,257163
2023-11-10,Corn,ZC=F,464.0,464.0,469.0,461.75,468.0,230543
2023-11-13,Corn,ZC=F,477.25,477.25,477.75,461.0,463.25,249727
2023-11-14,Corn,ZC=F,478.25,478.25,480.0,473.0,477.0,183143
2023-11-15,Corn,ZC=F,470.75,470.75,480.5,467.25,477.75,245509
2023-11-16,Corn,ZC=F,474.75,474.75,476.25,465.25,471.0,182325
2023-11-17,Corn,ZC=F,467.0,467.0,475.0,466.75,474.5,132235
2023-11-20,Corn,ZC=F,469.5,469.5,470.25,464.5,467.0,139825
2023-11-21,Corn,ZC=F,470.0,470.0,475.0,468.0,469.25,173228
2023-11-22,Corn,ZC=F,468.75,468.75,473.75,467.75,468.75,126935
2023-11-24,Corn,ZC=F,463.25,463.25,470.5,462.5,468.0,113555
2023-11-27,Corn,ZC=F,455.5,455.5,465.75,453.75,464.25,180939
2023-11-28,Corn,ZC=F,451.5,451.5,456.75,450.25,455.5,181371
2023-11-29,Corn,ZC=F,449.75,449.75,453.5,447.0,451.0,139560
2023-11-30,Corn,ZC=F,461.75,461.75,462.75,449.75,449.75,14188
2023-12-01,Corn,ZC=F,464.5,464.5,469.5,458.25,460.25,3312
2023-12-04,Corn,ZC=F,460.25,460.25,463.75,457.0,461.25,1925
2023-12-05,Corn,ZC=F,468.5,468.5,468.5,460.25,460.25,639
2023-12-06,Corn,ZC=F,464.75,464.75,473.0,463.75,467.75,347
2023-12-07,Corn,ZC=F,468.25,468.25,469.25,465.0,465.0,322
2023-12-08,Corn,ZC=F,465.75,465.75,472.0,465.75,468.0,319
2023-12-11,Corn,ZC=F,460.5,460.5,466.25,460.5,465.5,379
2023-12-12,Corn,ZC=F,462.5,462.5,467.0,459.25,459.25,265
2023-12-13,Corn,ZC=F,456.75,456.75,462.5,455.0,462.5,256
2023-12-14,Corn,ZC=F,456.75,456.75,460.0,456.75,459.0,106424
2023-12-15,Corn,ZC=F,483.0,483.0,484.0,477.75,479.25,108554
2023-12-18,Corn,ZC=F,477.0,477.0,482.75,475.5,482.5,129446
2023-12-19,Corn,ZC=F,472.75,472.75,478.25,471.5,477.25,130033
2023-12-20,Corn,ZC=F,469.75,469.75,475.5,468.25,472.75,131027
2023-12-21,Corn,ZC=F,472.5,472.5,474.0,469.25,470.0,108597
2023-12-22,Corn,ZC=F,473.0,473.0,474.0,471.5,472.5,80484
2023-12-26,Corn,ZC=F,480.25,480.25,481.0,471.5,473.0,114198
2023-12-27,Corn,ZC=F,476.5,476.5,480.25,474.5,479.75,107950
2023-12-28,Corn,ZC=F,474.25,474.25,478.75,474.0,476.0,99398
2023-12-29,Corn,ZC=F,471.25,471.25,475.0,470.5,473.75,109649
2024-01-02,Corn,ZC=F,463.75,463.75,470.75,462.5,470.5,187193
2024-01-03,Corn,ZC=F,465.25,465.25,466.0,461.75,464.75,147913
2024-01-04,Corn,ZC=F,466.5,466.5,469.0,463.5,465.0,127034
2024-01-05,Corn,ZC=F,460.75,460.75,467.75,460.0,466.5,151589
2024-01-08,Corn,ZC=F,455.0,455.0,462.5,452.0,461.0,214324
2024-01-09,Corn,ZC=F,459.25,459.25,460.5,451.75,454.75,215153
2024-01-10,Corn,ZC=F,459.5,459.5,461.75,454.5,459.0,193507
2024-01-11,Corn,ZC=F,457.75,457.75,461.5,455.75,459.0,165189
2024-01-12,Corn,ZC=F,447.0,447.0,460.0,441.0,457.0,314095
2024-01-16,Corn,ZC=F,443.5,443.5,451.25,442.0,447.75,175650
2024-01-17,Corn,ZC=F,442.25,442.25,448.25,440.0,443.5,205711
2024-01-18,Corn,ZC=F,444.0,444.0,445.0,436.75,442.0,180948
2024-01-19,Corn,ZC=F,445.5,445.5,449.5,443.0,443.5,148101
2024-01-22,Corn,ZC=F,445.75,445.75,448.0,444.0,445.5,112771
2024-01-23,Corn,ZC=F,446.5,446.5,450.5,444.0,445.75,152301
2024-01-24,Corn,ZC=F,452.25,452.25,452.75,446.25,446.5,156004
2024-01-25,Corn,ZC=F,451.75,451.75,453.25,447.5,451.5,169289
2024-01-26,Corn,ZC=F,446.25,446.25,451.75,445.5,451.0,135726
2024-01-29,Corn,ZC=F,440.25,440.25,447.5,437.5,446.25,203565
2024-01-30,Corn,ZC=F,447.75,447.75,448.25,436.5,439.75,194898
2024-01-31,Corn,ZC=F,448.25,448.25,448.75,443.25,447.25,135485
2024-02-01,Corn,ZC=F,447.25,447.25,448.0,443.5,448.0,153724
2024-02-02,Corn,ZC=F,442.75,442.75,448.75,442.0,446.5,129450
2024-02-05,Corn,ZC=F,442.75,442.75,445.0,439.5,442.75,137664
2024-02-06,Corn,ZC=F,438.75,438.75,445.5,438.25,442.75,193360
2024-02-07,Corn,ZC=F,434.25,434.25,439.25,432.75,438.5,245418
2024-02-08,Corn,ZC=F,433.25,433.25,437.0,429.75,434.5,222878
2024-02-09,Corn,ZC=F,429.0,429.0,437.0,428.25,433.0,206271
2024-02-12,Corn,ZC=F,430.5,430.5,432.75,427.75,430.25,198795
2024-02-13,Corn,ZC=F,430.75,430.75,434.75,428.75,430.25,182682
2024-02-14,Corn,ZC=F,424.25,424.25,431.0,422.25,430.75,230224
2024-02-15,Corn,ZC=F,417.75,417.75,425.0,417.25,424.0,217729
2024-02-16,Corn,ZC=F,416.5,416.5,421.5,415.0,417.5,176972
2024-02-20,Corn,ZC=F,418.75,418.75,421.5,414.75,416.25,217838
2024-02-21,Corn,ZC=F,411.0,411.0,419.5,410.0,418.5,180048
2024-02-22,Corn,ZC=F,406.0,406.0,415.5,404.25,410.0,199941
2024-02-23,Corn,ZC=F,399.75,399.75,409.25,398.5,406.0,218218
2024-02-26,Corn,ZC=F,407.0,407.0,407.75,394.5,399.75,227175
2024-02-27,Corn,ZC=F,408.25,408.25,411.5,406.25,406.5,139596
2024-02-28,Corn,ZC=F,413.25,413.25,414.75,406.5,408.25,118959
2024-02-29,Corn,ZC=F,415.75,415.75,418.75,409.75,415.0,8781
2024-03-01,Corn,ZC=F,412.25,412.25,418.0,409.25,415.5,3475
2024-03-04,Corn,ZC=F,417.5,417.5,420.75,412.0,412.0,2214
2024-03-05,Corn,ZC=F,413.5,413.5,418.0,412.5,417.25,1544
2024-03-06,Corn,ZC=F,418.0,418.0,418.0,412.0,413.25,2542
2024-03-07,Corn,ZC=F,426.0,426.0,427.5,418.25,418.25,1645
2024-03-08,Corn,ZC=F,426.25,426.25,426.5,420.5,424.25,755
2024-03-11,Corn,ZC=F,428.25,428.25,428.5,419.75,421.75,615
2024-03-12,Corn,ZC=F,429.0,429.0,435.0,424.75,425.0,527
2024-03-13,Corn,ZC=F,426.5,426.5,432.5,426.5,430.0,75
2024-03-14,Corn,ZC=F,422.5,422.5,426.0,422.5,426.0,153348
2024-03-15,Corn,ZC=F,436.75,436.75,440.0,431.75,433.75,140242
2024-03-18,Corn,ZC=F,436.0,436.0,440.5,434.0,437.0,121822
2024-03-19,Corn,ZC=F,439.5,439.5,440.0,435.0,436.5,115115
2024-03-20,Corn,ZC=F,439.0,439.0,439.5,435.5,439.0,131971
2024-03-21,Corn,ZC=F,440.75,440.75,445.75,437.5,439.0,158789
2024-03-22,Corn,ZC=F,439.25,439.25,441.5,436.0,440.25,132898
2024-03-25,Corn,ZC=F,437.75,437.75,441.25,437.0,439.0,118606
2024-03-26,Corn,ZC=F,432.5,432.5,440.75,432.0,437.25,155311
2024-03-27,Corn,ZC=F,426.75,426.75,432.25,426.25,432.0,165189
2024-03-28,Corn,ZC=F,442.0,442.0,448.0,426.0,426.75,360086
2024-04-01,Corn,ZC=F,435.5,435.5,442.0,432.25,441.75,200474
2024-04-02,Corn,ZC=F,426.5,426.5,436.75,424.5,435.75,235504
2024-04-03,Corn,ZC=F,431.75,431.75,433.0,425.75,428.25,187684
2024-04-04,Corn,ZC=F,435.25,435.25,436.0,429.75,432.25,153811
2024-04-05,Corn,ZC=F,434.25,434.25,438.5,432.25,435.0,192940
2024-04-08,Corn,ZC=F,435.5,435.5,437.5,431.5,433.75,215991
2024-04-09,Corn,ZC=F,431.25,431.25,435.75,429.75,435.0,219304
2024-04-10,Corn,ZC=F,434.25,434.25,435.75,430.75,431.0,210255
2024-04-11,Corn,ZC=F,428.75,428.75,437.5,427.5,434.0,250695
2024-04-12,Corn,ZC=F,435.5,435.5,437.5,427.0,428.25,202052
2024-04-15,Corn,ZC=F,431.5,431.5,435.0,430.25,434.5,152252
2024-04-16,Corn,ZC=F,431.0,431.0,432.25,428.5,431.25,148116
2024-04-17,Corn,ZC=F,430.25,430.25,433.0,429.5,431.0,139235
2024-04-18,Corn,ZC=F,426.75,426.75,431.0,426.25,429.5,180777
2024-04-19,Corn,ZC=F,433.5,433.5,434.0,426.75,427.25,163574
2024-04-22,Corn,ZC=F,439.75,439.75,441.0,431.0,432.25,192556
2024-04-23,Corn,ZC=F,443.0,443.0,443.75,438.5,439.25,144096
2024-04-24,Corn,ZC=F,437.75,437.75,444.5,437.25,442.75,161654
2024-04-25,Corn,ZC=F,441.0,441.0,442.0,436.0,437.75,168023
2024-04-26,Corn,ZC=F,440.0,440.0,442.75,439.0,441.0,165048
2024-04-29,Corn,ZC=F,439.25,439.25,441.5,435.0,440.0,117196
2024-04-30,Corn,ZC=F,439.5,439.5,441.25,437.0,439.25,14833
2024-05-01,Corn,ZC=F,443.25,443.25,444.25,437.25,440.0,4184
2024-05-02,Corn,ZC=F,452.0,452.0,452.25,442.5,442.75,2944
2024-05-03,Corn,ZC=F,447.0,447.0,458.5,446.75,451.25,2540
2024-05-06,Corn,ZC=F,457.0,457.0,458.5,444.5,447.0,1907
2024-05-07,Corn,ZC=F,453.75,453.75,459.5,453.75,457.0,1021
2024-05-08,Corn,ZC=F,445.5,445.5,452.75,444.25,452.75,634
2024-05-09,Corn,ZC=F,442.75,442.75,447.5,441.0,447.25,573
2024-05-10,Corn,ZC=F,455.75,455.75,455.75,443.25,443.25,316
2024-05-13,Corn,ZC=F,458.5,458.5,461.5,453.5,453.5,317
2024-05-14,Corn,ZC=F,453.75,453.75,461.0,453.25,461.0,246243
2024-05-15,Corn,ZC=F,462.5,462.5,473.25,461.5,467.75,222335
2024-05-16,Corn,ZC=F,457.0,457.0,465.25,456.0,462.25,200532
2024-05-17,Corn,ZC=F,452.5,452.5,460.5,451.0,457.25,217848
2024-05-20,Corn,ZC=F,460.5,460.5,463.5,452.25,452.75,185086
2024-05-21,Corn,ZC=F,458.0,458.0,461.25,455.0,460.0,168069
2024-05-22,Corn,ZC=F,461.25,461.25,463.25,458.0,458.5,175899
2024-05-23,Corn,ZC=F,464.0,464.0,467.25,458.5,461.25,166864
2024-05-24,Corn,ZC=F,464.75,464.75,466.75,460.75,464.5,169182
2024-05-28,Corn,ZC=F,462.5,462.5,471.0,460.0,467.0,166128
2024-05-29,Corn,ZC=F,455.25,455.25,463.0,454.25,462.5,166319
2024-05-30,Corn,ZC=F,448.75,448.75,457.0,447.5,455.25,225176
2024-05-31,Corn,ZC=F,446.25,446.25,453.75,445.5,449.0,174860
2024-06-03,Corn,ZC=F,443.5,443.5,449.0,439.0,445.75,262804
2024-06-04,Corn,ZC=F,442.5,442.5,448.25,440.0,442.5,221274
2024-06-05,Corn,ZC=F,439.25,439.25,444.25,438.25,442.5,183305
2024-06-06,Corn,ZC=F,452.0,452.0,453.25,438.75,439.25,261537
2024-06-07,Corn,ZC=F,448.75,448.75,454.25,444.25,452.0,238072
2024-06-10,Corn,ZC=F,451.75,451.75,452.75,447.75,448.75,230930
2024-06-11,Corn,ZC=F,449.5,449.5,456.25,449.0,450.75,271960
2024-06-12,Corn,ZC=F,454.25,454.25,455.0,448.5,449.0,276468
2024-06-13,Corn,ZC=F,458.5,458.5,460.5,453.5,453.5,296248
2024-06-14,Corn,ZC=F,450.0,450.0,459.5,448.0,458.0,228388
2024-06-17,Corn,ZC=F,443.75,443.75,450.0,443.25,448.0,172134
2024-06-18,Corn,ZC=F,450.0,450.0,452.0,443.75,444.25,191652
2024-06-20,Corn,ZC=F,439.75,439.75,449.5,439.25,448.25,229750
2024-06-21,Corn,ZC=F,435.0,435.0,442.5,434.25,440.0,217553
2024-06-24,Corn,ZC=F,433.5,433.5,436.0,425.0,435.0,203582
2024-06-25,Corn,ZC=F,425.5,425.5,434.5,423.5,433.5,172164
2024-06-26,Corn,ZC=F,420.0,420.0,430.0,418.75,425.0,161453
2024-06-27,Corn,ZC=F,413.75,413.75,421.25,413.5,420.0,142693
2024-06-28,Corn,ZC=F,397.25,397.25,419.0,390.5,414.0,15899
2024-07-01,Corn,ZC=F,398.25,398.25,401.25,391.75,397.25,1731
2024-07-02,Corn,ZC=F,402.0,402.0,403.75,398.25,398.25,764
2024-07-03,Corn,ZC=F,403.5,403.5,405.0,399.0,402.25,584
2024-07-05,Corn,ZC=F,411.25,411.25,412.0,405.5,406.0,398
2024-07-08,Corn,ZC=F,395.75,395.75,411.75,394.5,411.75,666
2024-07-09,Corn,ZC=F,400.25,400.25,406.75,397.0,400.25,585
2024-07-10,Corn,ZC=F,403.25,403.25,405.75,399.75,399.75,214
2024-07-11,Corn,ZC=F,406.75,406.75,411.0,406.75,411.0,65
2024-07-12,Corn,ZC=F,400.0,400.0,400.0,395.25,395.75,211323
2024-07-15,Corn,ZC=F,390.5,390.5,403.0,389.5,403.0,140155
2024-07-16,Corn,ZC=F,395.75,395.75,398.0,390.0,390.0,133849
2024-07-17,Corn,ZC=F,398.0,398.0,400.0,395.0,395.75,115086
2024-07-18,Corn,ZC=F,391.25,391.25,399.0,390.0,398.0,114790
2024-07-19,Corn,ZC=F,390.5,390.5,396.25,390.0,391.0,111883
2024-07-22,Corn,ZC=F,400.25,400.25,401.0,391.0,391.0,150907
2024-07-23,Corn,ZC=F,402.5,402.5,407.0,397.25,399.0,143835
2024-07-24,Corn,ZC=F,403.75,403.75,409.5,399.0,401.5,149625
2024-07-25,Corn,ZC=F,406.0,406.0,408.75,402.0,403.0,119013
2024-07-26,Corn,ZC=F,394.5,394.5,406.5,394.0,405.75,154397
2024-07-29,Corn,ZC=F,396.25,396.25,397.0,390.0,392.75,142225
2024-07-30,Corn,ZC=F,388.75,388.75,396.75,387.25,396.0,123321
2024-07-31,Corn,ZC=F,382.75,382.75,390.5,381.0,387.75,156261
2024-08-01,Corn,ZC=F,382.0,382.0,384.0,378.0,382.5,116742
2024-08-02,Corn,ZC=F,386.5,386.5,387.75,381.75,383.0,113751
2024-08-05,Corn,ZC=F,390.75,390.75,391.75,378.75,385.75,157029
2024-08-06,Corn,ZC=F,388.75,388.75,393.0,385.75,390.75,107227
2024-08-07,Corn,ZC=F,383.25,383.25,388.0,381.75,387.75,199142
2024-08-08,Corn,ZC=F,379.25,379.25,386.5,378.5,383.0,157714
2024-08-09,Corn,ZC=F,376.75,376.75,381.25,375.25,379.0,157231
2024-08-12,Corn,ZC=F,383.25,383.25,385.25,372.5,376.25,203695
2024-08-13,Corn,ZC=F,377.75,377.75,385.0,376.25,382.75,172577
2024-08-14,Corn,ZC=F,381.0,381.0,382.0,376.0,377.25,125031
2024-08-15,Corn,ZC=F,375.0,375.0,383.5,374.5,380.75,151990
2024-08-16,Corn,ZC=F,370.5,370.5,375.75,367.75,374.5,137465
2024-08-19,Corn,ZC=F,378.0,378.0,378.5,370.0,370.25,151084
2024-08-20,Corn,ZC=F,375.0,375.0,378.5,374.75,377.75,122507
2024-08-21,Corn,ZC=F,375.5,375.5,378.0,374.0,374.75,96191
2024-08-22,Corn,ZC=F,371.5,371.5,376.5,370.75,375.5,131932
2024-08-23,Corn,ZC=F,367.75,367.75,374.0,367.25,371.0,138358
2024-08-26,Corn,ZC=F,362.0,362.0,367.5,360.5,367.25,143588
2024-08-27,Corn,ZC=F,367.25,367.25,369.25,360.75,361.5,161618
2024-08-28,Corn,ZC=F,365.25,365.25,367.75,362.25,367.0,160784
2024-08-29,Corn,ZC=F,371.75,371.75,372.75,363.75,364.25,100531
2024-08-30,Corn,ZC=F,378.0,378.0,378.75,371.0,371.25,6393
2024-09-03,Corn,ZC=F,386.5,386.5,386.75,376.5,378.0,3017
2024-09-04,Corn,ZC=F,390.5,390.5,391.25,383.0,385.5,1519
2024-09-05,Corn,ZC=F,390.0,390.0,390.0,386.75,389.0,485
2024-09-06,Corn,ZC=F,383.75,383.75,395.25,383.0,389.75,504
2024-09-09,Corn,ZC=F,384.25,384.25,385.25,381.0,383.75,504
2024-09-10,Corn,ZC=F,379.5,379.5,382.75,379.5,382.75,296
2024-09-11,Corn,ZC=F,380.5,380.5,381.25,377.0,379.75,117
2024-09-12,Corn,ZC=F,386.25,386.25,387.5,380.5,380.5,123
2024-09-13,Corn,ZC=F,390.75,390.75,394.0,381.0,381.25,229028
2024-09-16,Corn,ZC=F,410.75,410.75,413.0,408.5,413.0,150818
2024-09-17,Corn,ZC=F,412.5,412.5,413.0,408.5,410.0,123973
2024-09-18,Corn,ZC=F,412.75,412.75,415.0,411.0,412.0,134644
2024-09-19,Corn,ZC=F,405.75,405.75,413.0,405.25,412.25,166204
2024-09-20,Corn,ZC=F,401.75,401.75,407.25,401.5,406.0,178231
2024-09-23,Corn,ZC=F,413.5,413.5,414.25,401.25,401.5,228072
2024-09-24,Corn,ZC=F,411.75,411.75,418.25,410.0,413.0,210496
2024-09-25,Corn,ZC=F,415.25,415.25,415.5,408.5,411.75,158957
2024-09-26,Corn,ZC=F,413.25,413.25,419.25,412.5,414.75,204872
2024-09-27,Corn,ZC=F,418.0,418.0,419.75,410.75,413.0,218578
2024-09-30,Corn,ZC=F,424.75,424.75,427.75,415.5,416.5,272926
2024-10-01,Corn,ZC=F,429.0,429.0,432.5,421.75,423.5,262757
2024-10-02,Corn,ZC=F,432.5,432.5,434.25,428.5,428.5,239747
2024-10-03,Corn,ZC=F,428.25,428.25,433.25,427.5,431.5,181331
2024-10-04,Corn,ZC=F,424.75,424.75,427.5,423.0,427.5,165354
2024-10-07,Corn,ZC=F,426.0,426.0,427.0,421.25,424.0,161439
2024-10-08,Corn,ZC=F,420.75,420.75,428.0,419.25,426.0,229659
2024-10-09,Corn,ZC=F,421.0,421.0,423.5,420.0,420.25,148815
2024-10-10,Corn,ZC=F,418.5,418.5,424.0,418.0,421.0,171360
2024-10-11,Corn,ZC=F,415.75,415.75,422.75,415.25,418.5,224069
2024-10-14,Corn,ZC=F,408.25,408.25,415.25,407.5,415.0,257782
2024-10-15,Corn,ZC=F,401.25,401.25,408.0,400.5,408.0,305403
2024-10-16,Corn,ZC=F,404.75,404.75,406.75,401.0,401.25,214285
2024-10-17,Corn,ZC=F,406.75,406.75,407.5,399.0,404.5,255482
2024-10-18,Corn,ZC=F,404.75,404.75,409.5,403.75,406.75,193538
2024-10-21,Corn,ZC=F,409.5,409.5,411.75,403.0,403.75,241760
2024-10-22,Corn,ZC=F,416.5,416.5,417.0,408.25,409.0,267224
2024-10-23,Corn,ZC=F,419.0,419.0,420.0,414.0,416.0,246005
2024-10-24,Corn,ZC=F,421.5,421.5,424.0,418.25,418.75,287987
2024-10-25,Corn,ZC=F,415.25,415.25,421.0,414.5,420.5,247609
2024-10-28,Corn,ZC=F,410.75,410.75,414.75,410.0,413.25,251359
2024-10-29,Corn,ZC=F,413.75,413.75,414.75,410.0,410.0,197431
2024-10-30,Corn,ZC=F,411.5,411.5,414.25,411.0,413.25,170092
2024-10-31,Corn,ZC=F,410.75,410.75,412.75,409.25,411.5,238814
2024-11-01,Corn,ZC=F,414.5,414.5,415.75,410.5,410.75,197406
2024-11-04,Corn,ZC=F,416.5,416.5,420.0,413.0,414.0,219138
2024-11-05,Corn,ZC=F,418.5,418.5,419.75,415.25,416.25,167928
2024-11-06,Corn,ZC=F,426.25,426.25,426.75,414.25,418.0,283193
2024-11-07,Corn,ZC=F,427.5,427.5,428.5,422.25,425.75,310584
2024-11-08,Corn,ZC=F,431.0,431.0,434.75,426.75,427.5,347310
2024-11-11,Corn,ZC=F,430.0,430.0,432.0,426.5,430.0,250205
2024-11-12,Corn,ZC=F,428.5,428.5,433.5,426.75,429.75,250503
2024-11-13,Corn,ZC=F,426.5,426.5,429.75,424.25,428.5,235165
2024-11-14,Corn,ZC=F,419.0,419.0,428.0,418.25,426.0,292267
2024-11-15,Corn,ZC=F,424.0,424.0,425.0,417.0,418.75,218570
2024-11-18,Corn,ZC=F,429.25,429.25,429.5,422.25,423.75,190964
2024-11-19,Corn,ZC=F,427.25,427.25,431.5,426.5,428.75,215160
2024-11-20,Corn,ZC=F,430.25,430.25,432.0,424.75,427.0,224875
2024-11-21,Corn,ZC=F,426.75,426.75,432.0,426.25,430.0,187445
2024-11-22,Corn,ZC=F,425.5,425.5,429.5,425.0,426.75,159873
2024-11-25,Corn,ZC=F,424.75,424.75,426.25,422.25,425.25,226269
2024-11-26,Corn,ZC=F,420.0,420.0,425.75,417.75,424.25,210241
2024-11-27,Corn,ZC=F,415.75,415.75,422.25,414.75,420.0,145009
2024-11-29,Corn,ZC=F,423.0,423.0,423.5,415.0,416.0,7903
2024-12-02,Corn,ZC=F,424.5,424.5,425.5,420.75,423.0,3895
2024-12-03,Corn,ZC=F,423.25,423.25,428.0,422.75,425.0,4091
2024-12-04,Corn,ZC=F,422.0,422.0,424.5,421.0,423.25,1723
2024-12-05,Corn,ZC=F,426.5,426.5,427.0,420.25,421.5,2566
2024-12-06,Corn,ZC=F,430.75,430.75,431.5,425.25,426.5,1372
2024-12-09,Corn,ZC=F,434.0,434.0,434.75,431.0,431.25,1586
2024-12-10,Corn,ZC=F,440.5,440.5,440.75,433.25,433.5,1685
2024-12-11,Corn,ZC=F,438.0,438.0,443.25,437.75,440.0,570
2024-12-12,Corn,ZC=F,431.75,431.75,439.0,431.75,436.5,334
2024-12-13,Corn,ZC=F,430.0,430.0,434.25,426.25,434.25,170867
2024-12-16,Corn,ZC=F,445.0,445.0,445.75,441.25,441.25,157167
2024-12-17,Corn,ZC=F,443.5,443.5,446.75,441.25,445.0,164416
2024-12-18,Corn,ZC=F,437.25,437.25,446.5,437.0,443.75,176178
2024-12-19,Corn,ZC=F,440.75,440.75,441.0,435.75,437.0,182519
2024-12-20,Corn,ZC=F,446.25,446.25,447.5,439.5,439.75,191422
2024-12-23,Corn,ZC=F,447.75,447.75,448.25,445.25,446.0,132878
2024-12-24,Corn,ZC=F,448.5,448.5,448.75,446.75,447.25,88153
2024-12-26,Corn,ZC=F,453.75,453.75,454.25,448.5,448.5,176165
2024-12-27,Corn,ZC=F,454.0,454.0,455.0,452.25,453.25,162024
2024-12-30,Corn,ZC=F,452.25,452.25,458.5,449.75,453.75,217069
2024-12-31,Corn,ZC=F,458.5,458.5,459.0,452.0,452.25,172882
2025-01-02,Corn,ZC=F,459.5,459.5,459.75,456.25,457.25,163449
2025-01-03,Corn,ZC=F,450.75,450.75,459.75,449.25,459.5,199340
2025-01-06,Corn,ZC=F,457.75,457.75,460.25,451.5,451.5,227403
2025-01-07,Corn,ZC=F,458.0,458.0,458.5,453.0,456.0,211629
2025-01-08,Corn,ZC=F,454.0,454.0,459.25,453.5,457.75,192588
2025-01-09,Corn,ZC=F,456.0,456.0,457.25,453.5,454.0,157712
2025-01-10,Corn,ZC=F,470.5,470.5,472.5,455.75,456.0,467086
2025-01-13,Corn,ZC=F,476.5,476.5,477.0,469.25,469.75,376883
2025-01-14,Corn,ZC=F,474.5,474.5,479.75,473.5,475.5,278017
2025-01-15,Corn,ZC=F,478.75,478.75,479.5,474.0,474.25,218140
2025-01-16,Corn,ZC=F,474.5,474.5,479.0,473.25,478.75,209824
2025-01-17,Corn,ZC=F,484.25,484.25,485.0,474.0,474.0,305007
2025-01-21,Corn,ZC=F,490.0,490.0,490.5,482.5,484.25,295105
2025-01-22,Corn,ZC=F,484.25,484.25,492.25,482.5,489.5,264538
2025-01-23,Corn,ZC=F,489.75,489.75,494.5,480.5,484.25,250550
2025-01-24,Corn,ZC=F,486.5,486.5,489.5,483.5,487.0,208959
2025-01-27,Corn,ZC=F,482.0,482.0,484.75,477.75,484.5,216234
2025-01-28,Corn,ZC=F,485.25,485.25,489.25,481.0,482.25,225855
2025-01-29,Corn,ZC=F,497.0,497.0,497.5,485.0,485.0,277207
2025-01-30,Corn,ZC=F,490.25,490.25,497.0,490.0,496.25,218110
2025-01-31,Corn,ZC=F,482.0,482.0,488.75,479.25,488.25,318483
2025-02-03,Corn,ZC=F,488.75,488.75,491.0,472.5,476.75,322166
2025-02-04,Corn,ZC=F,494.5,494.5,497.25,487.25,488.0,279780
2025-02-05,Corn,ZC=F,493.25,493.25,498.5,489.75,494.0,226004
2025-02-06,Corn,ZC=F,495.25,495.25,496.5,486.0,493.25,299134
2025-02-07,Corn,ZC=F,487.5,487.5,496.5,485.5,495.5,287303
2025-02-10,Corn,ZC=F,491.5,491.5,492.75,482.25,485.75,250904
2025-02-11,Corn,ZC=F,484.0,484.0,497.0,483.25,491.75,311257
2025-02-12,Corn,ZC=F,490.25,490.25,492.25,481.5,483.75,271391
2025-02-13,Corn,ZC=F,493.5,493.5,494.25,485.25,489.75,269316
2025-02-14,Corn,ZC=F,496.25,496.25,499.75,492.5,493.0,195600
2025-02-18,Corn,ZC=F,502.0,502.0,504.25,493.25,496.25,238775
2025-02-19,Corn,ZC=F,497.5,497.5,504.5,496.25,502.0,210080
2025-02-20,Corn,ZC=F,498.0,498.0,503.25,497.5,497.75,163804
2025-02-21,Corn,ZC=F,491.25,491.25,499.5,490.0,498.0,209485
2025-02-24,Corn,ZC=F,482.5,482.5,491.0,481.5,490.0,189315
2025-02-25,Corn,ZC=F,479.75,479.75,484.5,474.25,483.25,116438
2025-02-26,Corn,ZC=F,478.25,478.25,485.0,477.0,480.25,101750
2025-02-27,Corn,ZC=F,464.75,464.75,481.25,463.75,478.25,86413
2025-02-28,Corn,ZC=F,453.5,453.5,468.0,453.0,465.5,8178
2025-03-03,Corn,ZC=F,440.25,440.25,456.75,439.0,455.25,3364
2025-03-04,Corn,ZC=F,436.0,436.0,440.5,426.5,440.5,2273
2025-03-05,Corn,ZC=F,440.25,440.25,442.0,433.25,436.75,1169
2025-03-06,Corn,ZC=F,449.5,449.5,452.75,439.75,443.5,668
2025-03-07,Corn,ZC=F,455.25,455.25,456.75,448.0,450.25,311
2025-03-10,Corn,ZC=F,458.75,458.75,459.5,454.0,458.0,479
2025-03-11,Corn,ZC=F,456.5,456.5,464.0,456.5,458.0,76
2025-03-12,Corn,ZC=F,448.75,448.75,455.0,444.0,455.0,233
2025-03-13,Corn,ZC=F,453.5,453.5,459.25,450.0,450.0,101
2025-03-14,Corn,ZC=F,445.5,445.5,445.5,443.25,443.25,242039
2025-03-17,Corn,ZC=F,461.0,461.0,465.5,457.25,460.0,180875
2025-03-18,Corn,ZC=F,458.75,458.75,462.5,455.25,461.0,177170
2025-03-19,Corn,ZC=F,462.0,462.0,463.0,455.75,458.25,185225
2025-03-20,Corn,ZC=F,469.0,469.0,470.25,462.0,462.0,219751
2025-03-21,Corn,ZC=F,464.25,464.25,469.75,461.25,467.25,182427
2025-03-24,Corn,ZC=F,464.5,464.5,466.25,459.5,465.0,125182
2025-03-25,Corn,ZC=F,457.75,457.75,464.75,457.0,464.5,148189
2025-03-26,Corn,ZC=F,451.25,451.25,461.0,450.75,458.75,154487
2025-03-27,Corn,ZC=F,450.0,450.0,452.75,447.25,451.75,170192
2025-03-28,Corn,ZC=F,453.25,453.25,454.0,442.0,450.25,206960
2025-03-31,Corn,ZC=F,457.25,457.25,459.25,444.0,453.0,282804
2025-04-01,Corn,ZC=F,461.75,461.75,465.0,454.0,457.75,179571
2025-04-02,Corn,ZC=F,457.75,457.75,460.75,454.0,460.25,159591
2025-04-03,Corn,ZC=F,457.5,457.5,462.25,447.5,450.0,203152
2025-04-04,Corn,ZC=F,460.25,460.25,462.5,449.25,457.75,212888
2025-04-07,Corn,ZC=F,464.5,464.5,467.5,454.25,456.0,216782
2025-04-08,Corn,ZC=F,469.0,469.0,469.75,462.75,464.5,255177
2025-04-09,Corn,ZC=F,474.0,474.0,475.5,465.75,468.0,257173
2025-04-10,Corn,ZC=F,483.0,483.0,484.0,473.0,473.25,326270
2025-04-11,Corn,ZC=F,490.25,490.25,490.75,481.75,482.0,284335
2025-04-14,Corn,ZC=F,485.0,485.0,490.25,484.25,489.0,201393
2025-04-15,Corn,ZC=F,481.25,481.25,488.75,479.0,485.0,178411
2025-04-16,Corn,ZC=F,484.25,484.25,487.0,479.25,481.25,136221
2025-04-17,Corn,ZC=F,482.25,482.25,486.5,481.5,483.25,117566
2025-04-21,Corn,ZC=F,481.75,481.75,487.25,481.25,483.25,128840
2025-04-22,Corn,ZC=F,475.75,475.75,483.0,475.0,481.75,152079
2025-04-23,Corn,ZC=F,472.0,472.0,477.0,470.25,476.25,147853
2025-04-24,Corn,ZC=F,477.25,477.25,478.5,472.25,472.25,146915
2025-04-25,Corn,ZC=F,478.75,478.75,480.75,476.75,477.0,129454
2025-04-28,Corn,ZC=F,475.5,475.5,478.75,469.5,477.0,176588
2025-04-29,Corn,ZC=F,460.5,460.5,477.25,460.25,475.5,100359
2025-04-30,Corn,ZC=F,467.25,467.25,470.0,460.5,461.0,10991
2025-05-01,Corn,ZC=F,464.25,464.25,472.25,463.0,467.25,3008
2025-05-02,Corn,ZC=F,461.25,461.25,468.75,460.75,464.5,2624
2025-05-05,Corn,ZC=F,446.5,446.5,461.0,446.5,461.0,1098
2025-05-06,Corn,ZC=F,447.5,447.5,448.75,445.5,448.75,466
2025-05-07,Corn,ZC=F,441.0,441.0,453.25,440.5,449.75,617
2025-05-08,Corn,ZC=F,439.0,439.0,440.5,434.0,440.5,438
2025-05-09,Corn,ZC=F,441.5,441.5,444.0,439.5,440.75,240
2025-05-12,Corn,ZC=F,440.25,440.25,447.5,438.5,444.0,205
2025-05-13,Corn,ZC=F,436.0,436.0,436.0,430.75,433.5,66
2025-05-14,Corn,ZC=F,438.5,438.5,440.25,436.75,440.25,177064
2025-05-15,Corn,ZC=F,448.5,448.5,450.5,443.5,444.75,191182
2025-05-16,Corn,ZC=F,443.5,443.5,451.5,442.75,449.0,173410
2025-05-19,Corn,ZC=F,447.5,447.5,449.75,443.0,443.5,179623
2025-05-20,Corn,ZC=F,454.5,454.5,455.5,444.75,446.75,194894
2025-05-21,Corn,ZC=F,461.0,461.0,462.0,453.5,454.5,201425
2025-05-22,Corn,ZC=F,463.0,463.0,464.75,456.5,459.25,192800
2025-05-23,Corn,ZC=F,459.5,459.5,464.5,455.0,462.75,167356
2025-05-27,Corn,ZC=F,459.5,459.5,463.0,456.0,459.0,153148
2025-05-28,Corn,ZC=F,451.0,451.0,463.0,450.0,459.5,196402
2025-05-29,Corn,ZC=F,447.0,447.0,453.0,443.5,452.25,157586
2025-05-30,Corn,ZC=F,444.0,444.0,449.5,443.0,447.0,140113
2025-06-02,Corn,ZC=F,438.25,438.25,451.0,437.75,444.0,211154
2025-06-03,Corn,ZC=F,438.5,438.5,442.5,434.25,438.25,209493
2025-06-04,Corn,ZC=F,438.75,438.75,446.0,437.5,438.5,220751
2025-06-05,Corn,ZC=F,439.5,439.5,442.75,433.25,438.5,0
2025-06-06,Corn,ZC=F,442.5,442.5,445.0,435.0,438.25,229798
2025-06-09,Corn,ZC=F,433.5,433.5,445.75,432.75,442.25,228598
2025-06-10,Corn,ZC=F,438.75,438.75,439.5,429.25,433.5,245097
2025-06-11,Corn,ZC=F,437.0,437.0,444.75,436.0,439.0,201677
2025-06-12,Corn,ZC=F,438.5,438.5,441.75,435.25,436.5,190442
2025-06-13,Corn,ZC=F,444.5,444.5,445.25,435.0,438.25,179124
2025-06-16,Corn,ZC=F,434.75,434.75,446.5,431.25,444.0,177619
2025-06-17,Corn,ZC=F,431.5,431.5,437.5,429.5,434.75,231168
2025-06-18,Corn,ZC=F,433.5,433.5,434.5,430.0,431.5,0
2025-06-20,Corn,ZC=F,428.75,428.75,435.0,428.25,433.0,189743
2025-06-23,Corn,ZC=F,419.25,419.25,430.75,417.25,430.0,197265
2025-06-24,Corn,ZC=F,416.25,416.25,422.5,415.0,419.0,192057
2025-06-25,Corn,ZC=F,410.25,410.25,417.5,408.0,415.5,144137
2025-06-26,Corn,ZC=F,409.5,409.5,414.5,408.0,410.0,159014
2025-06-27,Corn,ZC=F,417.5,417.5,419.25,409.25,409.5,106238
2025-06-30,Corn,ZC=F,420.5,420.5,422.75,415.0,417.75,12555
2025-07-01,Corn,ZC=F,420.0,420.0,423.0,414.5,421.25,4103
2025-07-02,Corn,ZC=F,429.25,429.25,430.25,415.5,419.75,3639
2025-07-03,Corn,ZC=F,431.5,431.5,435.25,429.25,429.5,0
2025-07-07,Corn,ZC=F,418.0,418.0,426.0,417.0,426.0,709
2025-07-08,Corn,ZC=F,411.0,411.0,420.5,411.0,420.5,573
2025-07-09,Corn,ZC=F,412.5,412.5,415.5,409.75,415.5,349
2025-07-10,Corn,ZC=F,407.25,407.25,414.0,407.25,412.5,571
2025-07-11,Corn,ZC=F,403.0,403.0,409.75,400.0,407.25,315
2025-07-14,Corn,ZC=F,412.75,412.75,412.75,398.75,411.75,185262
2025-07-15,Corn,ZC=F,401.25,401.25,406.25,395.0,399.5,182568
2025-07-16,Corn,ZC=F,405.25,405.25,407.25,400.0,400.0,163241
2025-07-17,Corn,ZC=F,402.0,402.0,407.0,400.25,405.0,103691
2025-07-18,Corn,ZC=F,408.5,408.5,411.0,402.5,403.0,127464
2025-07-21,Corn,ZC=F,403.75,403.75,408.75,400.25,406.5,112066
2025-07-22,Corn,ZC=F,399.25,399.25,406.0,398.5,404.5,114958
2025-07-23,Corn,ZC=F,398.5,398.5,401.75,397.25,399.25,92982
2025-07-24,Corn,ZC=F,401.75,401.75,404.25,398.25,398.25,111447
2025-07-25,Corn,ZC=F,399.5,399.5,403.0,398.25,401.5,97166
2025-07-28,Corn,ZC=F,393.75,393.75,400.0,392.0,399.0,141670
2025-07-29,Corn,ZC=F,389.25,389.25,394.25,387.75,392.0,169994
2025-07-30,Corn,ZC=F,391.75,391.75,393.5,388.25,389.0,132091
2025-07-31,Corn,ZC=F,394.0,394.0,394.75,388.0,391.25,124175
2025-08-01,Corn,ZC=F,389.5,389.5,396.25,388.75,394.0,111475
2025-08-04,Corn,ZC=F,387.0,387.0,392.5,386.5,389.5,133486
2025-08-05,Corn,ZC=F,381.5,381.5,386.75,380.5,386.25,166267
2025-08-06,Corn,ZC=F,379.75,379.75,381.25,375.0,381.0,151730
2025-08-07,Corn,ZC=F,384.5,384.5,386.0,379.75,379.75,154983
2025-08-08,Corn,ZC=F,382.75,382.75,389.25,382.0,384.0,174531
2025-08-11,Corn,ZC=F,385.0,385.0,387.0,380.5,382.5,180486
2025-08-12,Corn,ZC=F,371.5,371.5,384.75,368.75,384.5,252732
2025-08-13,Corn,ZC=F,374.0,374.0,376.0,370.75,371.5,167774
2025-08-14,Corn,ZC=F,375.0,375.0,376.75,369.5,373.25,112000
2025-08-15,Corn,ZC=F,383.75,383.75,384.25,374.5,375.5,129521
2025-08-18,Corn,ZC=F,383.0,383.0,384.75,379.25,383.0,104730
2025-08-19,Corn,ZC=F,379.5,379.5,383.0,377.75,383.0,79845
2025-08-20,Corn,ZC=F,380.0,380.0,382.25,378.25,379.5,109776
2025-08-21,Corn,ZC=F,387.25,387.25,389.5,379.25,379.75,116898
2025-08-22,Corn,ZC=F,388.25,388.25,389.25,385.5,387.25,108358
2025-08-25,Corn,ZC=F,389.25,389.25,394.0,388.25,389.25,123992
2025-08-26,Corn,ZC=F,387.5,387.5,392.0,386.75,389.0,170218
2025-08-27,Corn,ZC=F,382.5,382.5,387.5,381.75,387.0,108482
2025-08-28,Corn,ZC=F,385.5,385.5,387.5,379.75,382.5,81216
2025-08-29,Corn,ZC=F,398.0,398.0,398.5,387.0,387.0,0
2025-09-02,Corn,ZC=F,403.0,403.0,403.75,393.5,396.25,1546
2025-09-03,Corn,ZC=F,397.75,397.75,404.5,396.5,403.0,1025
2025-09-04,Corn,ZC=F,399.75,399.75,400.25,394.25,397.5,863
2025-09-05,Corn,ZC=F,399.0,399.0,405.25,397.25,401.25,417
2025-09-08,Corn,ZC=F,403.0,403.0,403.75,394.0,398.0,549
2025-09-09,Corn,ZC=F,401.25,401.25,403.5,398.75,402.0,146
2025-09-10,Corn,ZC=F,397.25,397.25,401.25,395.5,401.0,57
2025-09-11,Corn,ZC=F,399.0,399.0,399.0,396.75,398.25,120
2025-09-12,Corn,ZC=F,399.0,399.0,405.25,398.5,402.5,363844
2025-09-15,Corn,ZC=F,423.25,423.25,428.5,422.0,426.25,192792
2025-09-16,Corn,ZC=F,429.5,429.5,431.25,423.0,423.0,178779
2025-09-17,Corn,ZC=F,426.75,426.75,431.25,425.5,428.75,146851
2025-09-18,Corn,ZC=F,423.75,423.75,428.0,423.5,426.5,113263
2025-09-19,Corn,ZC=F,424.0,424.0,429.75,422.25,424.0,162409
2025-09-22,Corn,ZC=F,421.75,421.75,424.75,418.25,424.0,189769
2025-09-23,Corn,ZC=F,426.25,426.25,426.5,418.75,421.75,145931
2025-09-24,Corn,ZC=F,424.25,424.25,427.5,423.5,425.0,134256
2025-09-25,Corn,ZC=F,425.75,425.75,428.25,423.5,423.75,146851
2025-09-26,Corn,ZC=F,422.0,422.0,425.75,421.25,425.25,131813
2025-09-29,Corn,ZC=F,421.5,421.5,422.75,418.75,421.0,146154
2025-09-30,Corn,ZC=F,415.5,415.5,421.5,414.0,421.25,279177
2025-10-01,Corn,ZC=F,416.5,416.5,419.5,410.5,415.75,285170
2025-10-02,Corn,ZC=F,421.75,421.75,422.5,414.75,417.25,192896
2025-10-03,Corn,ZC=F,419.0,419.0,423.0,418.5,420.75,179524
2025-10-06,Corn,ZC=F,421.75,421.75,422.5,417.25,419.0,141859
2025-10-07,Corn,ZC=F,419.75,419.75,424.5,419.0,421.5,219828
2025-10-08,Corn,ZC=F,422.0,422.0,422.75,418.5,419.25,167360
2025-10-09,Corn,ZC=F,418.25,418.25,423.25,418.0,422.0,207206
2025-10-10,Corn,ZC=F,413.0,413.0,419.25,412.25,418.25,233653
2025-10-13,Corn,ZC=F,410.75,410.75,415.0,410.5,413.0,233653
2025-10-14,Corn,ZC=F,413.0,413.0,413.5,409.25,410.75,192433
2025-10-15,Corn,ZC=F,416.75,416.75,418.5,411.25,412.75,195171
2025-10-16,Corn,ZC=F,421.75,421.75,423.5,416.25,416.75,304262
2025-10-17,Corn,ZC=F,422.5,422.5,424.75,421.0,421.25,185452
2025-10-20,Corn,ZC=F,423.25,423.25,424.0,419.5,422.5,179465
2025-10-21,Corn,ZC=F,419.75,419.75,424.5,418.5,423.25,181051
2025-10-22,Corn,ZC=F,423.0,423.0,424.0,418.5,419.75,186819
2025-10-23,Corn,ZC=F,428.0,428.0,428.5,421.0,423.0,206571
2025-10-24,Corn,ZC=F,423.25,423.25,427.5,423.0,427.25,211852
2025-10-27,Corn,ZC=F,428.75,428.75,431.75,426.0,427.0,295622
2025-10-28,Corn,ZC=F,432.0,432.0,436.25,427.25,428.0,378016
2025-10-29,Corn,ZC=F,434.0,434.0,435.0,430.0,431.25,239879
2025-10-30,Corn,ZC=F,430.25,430.25,437.0,427.75,434.0,301183
2025-10-31,Corn,ZC=F,431.5,431.5,432.25,426.5,429.25,214312
2025-11-03,Corn,ZC=F,434.25,434.25,435.0,427.75,431.0,0
2025-11-04,Corn,ZC=F,431.5,431.5,434.5,429.25,434.0,183033
2025-11-05,Corn,ZC=F,435.25,435.25,436.0,428.75,430.5,201307
2025-11-06,Corn,ZC=F,428.75,428.75,434.75,428.25,434.5,228266
2025-11-07,Corn,ZC=F,427.25,427.25,430.5,426.75,428.5,186066
2025-11-10,Corn,ZC=F,429.75,429.75,431.25,426.25,426.75,220392
2025-11-11,Corn,ZC=F,432.0,432.0,432.75,428.5,429.0,221848
2025-11-12,Corn,ZC=F,435.25,435.25,436.0,431.0,431.5,271699
2025-11-13,Corn,ZC=F,441.5,441.5,442.75,434.0,434.75,400924
2025-11-14,Corn,ZC=F,430.25,430.25,442.75,429.5,441.5,411585
2025-11-17,Corn,ZC=F,434.75,434.75,437.25,428.5,429.75,219642
2025-11-18,Corn,ZC=F,436.75,436.75,438.5,433.25,434.75,162294
2025-11-19,Corn,ZC=F,429.75,429.75,436.25,428.25,435.5,198902
2025-11-20,Corn,ZC=F,426.5,426.5,431.25,425.75,429.75,195292
2025-11-21,Corn,ZC=F,425.5,425.5,427.75,424.0,426.25,194578
2025-11-24,Corn,ZC=F,423.75,423.75,426.5,422.25,426.0,227312
2025-11-25,Corn,ZC=F,423.5,423.5,426.0,422.25,423.75,227795
2025-11-26,Corn,ZC=F,431.75,431.75,433.5,423.0,423.0,158325
2025-11-28,Corn,ZC=F,435.5,435.5,437.0,430.75,432.0,8642
2025-12-01,Corn,ZC=F,432.75,432.75,436.5,432.0,434.5,3265
2025-12-02,Corn,ZC=F,438.0,438.0,439.25,430.75,433.25,2267
2025-12-03,Corn,ZC=F,431.5,431.5,438.0,431.0,438.0,1340
2025-12-04,Corn,ZC=F,437.75,437.75,438.25,431.0,432.75,1242
2025-12-05,Corn,ZC=F,436.75,436.75,439.0,435.5,435.75,1038
2025-12-08,Corn,ZC=F,436.25,436.25,439.75,432.5,437.25,1738
2025-12-09,Corn,ZC=F,440.75,440.75,441.75,434.5,437.0,1093
2025-12-10,Corn,ZC=F,434.75,434.75,440.5,434.0,440.5,702
2025-12-11,Corn,ZC=F,435.25,435.25,440.0,432.5,436.75,257
2025-12-12,Corn,ZC=F,431.5,431.5,437.0,428.25,433.25,218646
2025-12-15,Corn,ZC=F,439.75,439.75,441.25,436.75,440.25,182672
2025-12-16,Corn,ZC=F,436.5,436.5,440.0,435.5,439.75,146742
2025-12-17,Corn,ZC=F,440.5,440.5,441.5,436.0,436.0,164256
2025-12-18,Corn,ZC=F,444.5,444.5,446.0,440.5,440.5,178974
2025-12-19,Corn,ZC=F,443.75,443.75,444.75,442.5,444.0,129516
2025-12-22,Corn,ZC=F,447.0,447.0,447.75,443.0,443.25,136615
2025-12-23,Corn,ZC=F,447.5,447.5,449.0,446.25,446.5,123702
2025-12-24,Corn,ZC=F,451.0,451.0,451.25,446.75,447.0,95803
2025-12-26,Corn,ZC=F,450.0,450.0,453.0,448.75,451.0,100523
2025-12-29,Corn,ZC=F,442.25,442.25,451.0,442.0,450.0,169679
2025-12-30,Corn,ZC=F,440.5,440.5,443.0,439.75,442.0,121253
2025-12-31,Corn,ZC=F,440.25,440.25,442.5,439.0,440.5,98189
2026-01-02,Corn,ZC=F,437.5,437.5,440.75,437.0,440.75,143948
2026-01-05,Corn,ZC=F,444.5,444.5,445.5,436.25,437.25,183496
2026-01-06,Corn,ZC=F,444.0,444.0,447.0,443.5,444.0,185037
2026-01-07,Corn,ZC=F,446.75,446.75,447.25,443.75,443.75,155458
2026-01-08,Corn,ZC=F,446.0,446.0,448.0,445.5,446.0,169477
2026-01-09,Corn,ZC=F,445.75,445.75,447.5,443.75,445.25,171304
2026-01-12,Corn,ZC=F,421.5,421.5,448.75,420.0,445.0,570230
2026-01-13,Corn,ZC=F,419.75,419.75,422.75,417.25,421.75,357198
2026-01-14,Corn,ZC=F,422.0,422.0,425.0,419.5,420.0,232729
2026-01-15,Corn,ZC=F,420.25,420.25,425.0,420.0,422.5,193927
2026-01-16,Corn,ZC=F,424.75,424.75,427.25,420.0,420.25,200728
2026-01-20,Corn,ZC=F,423.75,423.75,425.5,422.0,423.5,174838
2026-01-21,Corn,ZC=F,421.75,421.75,427.75,421.25,423.75,155623
2026-01-22,Corn,ZC=F,424.0,424.0,424.25,421.0,422.5,147104
2026-01-23,Corn,ZC=F,430.5,430.5,431.25,422.5,423.75,257317
2026-01-26,Corn,ZC=F,428.25,428.25,431.5,427.25,430.0,158114
2026-01-27,Corn,ZC=F,426.5,426.5,429.75,426.0,428.25,124209
2026-01-28,Corn,ZC=F,430.0,430.0,433.25,426.75,427.0,200201
2026-01-29,Corn,ZC=F,430.75,430.75,434.0,428.0,430.0,180152
2026-01-30,Corn,ZC=F,428.25,428.25,431.75,425.25,430.75,193268
2026-02-02,Corn,ZC=F,425.75,425.75,428.25,424.0,428.25,153885
2026-02-03,Corn,ZC=F,428.5,428.5,429.25,425.5,425.75,158964
2026-02-04,Corn,ZC=F,429.5,429.5,432.75,425.25,428.5,240663
2026-02-05,Corn,ZC=F,435.0,435.0,435.75,427.0,429.0,224622
2026-02-06,Corn,ZC=F,430.25,430.25,436.0,428.75,434.5,240381
2026-02-09,Corn,ZC=F,428.75,428.75,430.0,427.25,428.75,182317
2026-02-10,Corn,ZC=F,428.75,428.75,431.0,427.75,428.0,222724
2026-02-11,Corn,ZC=F,427.5,427.5,429.5,425.25,428.75,252146
2026-02-12,Corn,ZC=F,431.25,431.25,431.5,427.0,428.0,339184
2026-02-13,Corn,ZC=F,431.75,431.75,432.75,429.5,431.0,236783
2026-02-17,Corn,ZC=F,426.25,426.25,431.25,426.0,431.0,194390
2026-02-18,Corn,ZC=F,427.0,427.0,428.5,425.25,426.25,168146
2026-02-19,Corn,ZC=F,425.75,425.75,427.75,424.0,426.75,217087
2026-02-20,Corn,ZC=F,427.5,427.5,428.75,424.0,425.75,249050
2026-02-23,Corn,ZC=F,427.5,427.5,431.5,425.25,427.25,234474
2026-02-24,Corn,ZC=F,427.75,427.75,429.0,426.0,427.5,158332
2026-02-25,Corn,ZC=F,430.5,430.5,431.25,426.75,428.0,118548
2026-02-26,Corn,ZC=F,433.25,433.25,433.75,428.0,430.0,103287
2026-02-27,Corn,ZC=F,438.75,438.75,440.0,432.0,432.75,13640
2026-03-02,Corn,ZC=F,433.25,433.25,441.0,431.75,439.5,5722
2026-03-03,Corn,ZC=F,434.25,434.25,438.75,432.0,433.25,1549
2026-03-04,Corn,ZC=F,431.75,431.75,434.25,428.0,433.5,1646
2026-03-05,Corn,ZC=F,441.5,441.5,442.25,433.75,434.0,385
2026-03-06,Corn,ZC=F,447.0,447.0,449.5,441.0,441.0,757
2026-03-09,Corn,ZC=F,437.5,437.5,459.0,437.5,447.25,1326
2026-03-10,Corn,ZC=F,436.25,436.25,437.75,432.0,434.75,602
2026-03-11,Corn,ZC=F,444.25,444.25,446.5,439.0,441.0,286
2026-03-12,Corn,ZC=F,448.25,448.25,453.5,448.25,448.5,135
2026-03-13,Corn,ZC=F,452.5,452.5,453.5,446.0,446.0,182865
2026-03-16,Corn,ZC=F,454.0,454.0,466.0,452.0,464.75,279245
2026-03-17,Corn,ZC=F,454.0,454.0,459.0,449.25,453.75,200108
2026-03-18,Corn,ZC=F,463.25,463.25,464.5,451.5,454.75,190614
2026-03-19,Corn,ZC=F,469.75,469.75,470.0,463.25,463.25,214405
2026-03-20,Corn,ZC=F,465.5,465.5,469.25,464.0,469.0,161723
2026-03-23,Corn,ZC=F,459.5,459.5,473.75,456.5,465.25,253109
2026-03-24,Corn,ZC=F,462.5,462.5,465.75,459.0,460.0,184112
2026-03-25,Corn,ZC=F,467.25,467.25,468.5,458.0,461.25,155914
2026-03-26,Corn,ZC=F,467.0,467.0,468.75,462.0,466.75,164119
2026-03-27,Corn,ZC=F,462.0,462.0,470.5,460.75,466.0,179461
2026-03-30,Corn,ZC=F,455.75,455.75,465.75,455.0,462.75,165878
2026-03-31,Corn,ZC=F,457.75,457.75,462.0,451.25,455.5,288867
2026-04-01,Corn,ZC=F,454.25,454.25,460.0,448.5,457.5,203129
2026-04-02,Corn,ZC=F,452.25,452.25,460.5,451.25,454.0,0
2026-04-06,Corn,ZC=F,454.0,454.0,454.5,448.25,453.0,126749
2026-04-07,Corn,ZC=F,449.0,449.0,455.0,448.25,454.0,172653
2026-04-08,Corn,ZC=F,447.25,447.25,448.25,442.25,447.0,295027
2026-04-09,Corn,ZC=F,444.0,444.0,450.25,442.25,447.25,247651
2026-04-10,Corn,ZC=F,441.0,441.0,446.25,438.0,444.75,237015
2026-04-13,Corn,ZC=F,440.25,440.25,446.0,440.0,446.0,261260
2026-04-14,Corn,ZC=F,443.0,443.0,446.0,440.25,440.5,229083
2026-04-15,Corn,ZC=F,451.25,451.25,452.0,442.75,443.0,235844
2026-04-16,Corn,ZC=F,448.5,448.5,452.75,447.5,451.0,171542
2026-04-17,Corn,ZC=F,448.75,448.75,451.0,443.25,448.25,158101
2026-04-20,Corn,ZC=F,452.0,452.0,454.0,446.75,449.0,203127
2026-04-21,Corn,ZC=F,453.75,453.75,455.25,450.75,452.0,175218
2026-04-22,Corn,ZC=F,454.25,454.25,457.0,452.75,453.5,169698
2026-04-23,Corn,ZC=F,455.5,455.5,456.75,452.5,453.5,120100
2026-04-24,Corn,ZC=F,455.0,455.0,457.75,453.5,455.5,127510
2026-04-27,Corn,ZC=F,460.75,460.75,461.25,454.25,454.25,191489
2026-04-28,Corn,ZC=F,465.25,465.25,465.5,460.0,460.25,172176
2026-04-29,Corn,ZC=F,466.5,466.5,468.25,462.75,464.25,105694
2026-04-30,Corn,ZC=F,464.75,464.75,469.0,460.75,466.25,9716
2026-05-01,Corn,ZC=F,468.25,468.25,471.25,461.75,462.75,3433
2026-05-04,Corn,ZC=F,473.75,473.75,474.0,466.5,468.25,2298
2026-05-05,Corn,ZC=F,465.5,465.5,475.0,464.25,473.75,1417
2026-05-06,Corn,ZC=F,452.75,452.75,463.0,452.25,463.0,1311
2026-05-07,Corn,ZC=F,452.75,452.75,453.25,446.75,453.0,730
2026-05-08,Corn,ZC=F,456.25,456.25,457.75,452.5,454.0,329
2026-05-11,Corn,ZC=F,460.75,460.75,462.0,459.5,461.0,126
2026-05-12,Corn,ZC=F,467.25,467.25,467.75,463.0,463.0,413
2026-05-13,Corn,ZC=F,466.5,466.5,470.75,466.5,467.25,55
2026-05-14,Corn,ZC=F,451.5,451.5,456.0,451.5,456.0,277366
2026-05-15,Corn,ZC=F,455.75,455.75,473.75,455.0,468.25,301697
2026-05-18,Corn,ZC=F,477.0,477.0,478.0,464.0,469.0,372244
2026-05-19,Corn,ZC=F,475.25,475.25,481.75,472.0,476.75,218612
2026-05-20,Corn,ZC=F,465.75,465.75,477.0,462.75,475.75,248291
2026-05-21,Corn,ZC=F,462.25,462.25,469.25,460.0,465.0,210499
2026-05-22,Corn,ZC=F,463.25,463.25,467.75,461.0,462.5,162835
2026-05-26,Corn,ZC=F,457.5,457.5,463.0,456.5,458.25,229760
2026-05-27,Corn,ZC=F,452.5,452.5,459.75,451.75,458.5,177055
2026-05-28,Corn,ZC=F,455.75,455.75,458.25,451.5,452.25,240560
2026-05-29,Corn,ZC=F,446.75,446.75,459.0,445.0,457.75,248523
2026-06-01,Corn,ZC=F,444.0,444.0,449.25,440.0,446.0,241486
2026-06-02,Corn,ZC=F,440.5,440.5,445.75,439.0,444.75,211400
2026-06-03,Corn,ZC=F,431.5,431.5,442.0,430.25,440.75,246223
2026-06-04,Corn,ZC=F,424.5,424.5,431.5,421.5,431.0,273610
2026-06-05,Corn,ZC=F,417.5,417.5,424.5,416.0,424.0,295853
2026-06-08,Corn,ZC=F,418.75,418.75,421.0,412.5,420.5,280265
2026-06-09,Corn,ZC=F,419.5,419.5,425.5,417.5,419.0,289426
2026-06-10,Corn,ZC=F,419.0,419.0,425.75,418.25,419.75,252579
2026-06-11,Corn,ZC=F,411.75,411.75,420.0,410.5,419.75,315342
2026-06-12,Corn,ZC=F,412.75,412.75,417.0,408.5,411.75,206777
2026-06-15,Corn,ZC=F,415.5,415.5,416.75,406.25,411.75,200373
2026-06-16,Corn,ZC=F,413.75,413.75,421.0,412.5,415.0,275994
2026-06-17,Corn,ZC=F,421.0,421.0,421.75,412.25,414.25,197785
2026-06-18,Corn,ZC=F,417.5,417.5,422.0,415.0,419.75,179735
2026-06-22,Corn,ZC=F,411.5,411.5,418.0,411.25,417.5,211745
2026-06-23,Corn,ZC=F,409.75,409.75,414.5,407.0,411.5,200271
2026-06-24,Corn,ZC=F,407.0,407.0,412.5,405.75,410.0,166823
2026-06-25,Corn,ZC=F,414.75,414.75,416.0,403.75,406.0,214854
2026-06-26,Corn,ZC=F,412.75,412.75,417.5,411.25,414.25,258009
2026-06-29,Corn,ZC=F,402.0,402.0,412.5,398.5,412.5,131331
2026-06-30,Corn,ZC=F,412.75,412.75,415.5,400.5,402.0,17806
2026-07-01,Corn,ZC=F,421.0,421.0,422.25,412.25,413.75,4203
2026-07-02,Corn,ZC=F,425.0,425.0,428.25,421.0,422.0,3122
2026-07-06,Corn,ZC=F,440.75,440.75,441.5,430.0,430.0,978
2026-07-07,Corn,ZC=F,442.5,442.5,444.5,437.25,441.0,1098
2026-07-08,Corn,ZC=F,434.75,434.75,443.75,434.25,442.25,492
2026-07-09,Corn,ZC=F,427.75,427.75,435.0,427.75,434.0,1502
2026-07-10,Corn,ZC=F,438.0,438.0,438.25,428.0,428.5,271
2026-07-13,Corn,ZC=F,437.75,437.75,447.75,437.75,441.0,195
2026-07-14,Corn,ZC=F,433.75,433.75,441.0,432.5,439.75,88277
2026-07-15,Corn,ZC=F,447.5,447.5,449.0,437.0,438.0,153312
2026-07-16,Corn,ZC=F,441.5,441.5,452.0,440.25,446.75,127513
2026-07-17,Corn,ZC=F,444.75,444.75,445.5,436.0,441.0,105384
2026-07-20,Corn,ZC=F,449.5,449.5,452.5,447.0,449.0,154388
2026-07-21,Corn,ZC=F,452.75,452.75,453.75,445.5,447.0,104323
2026-07-22,Corn,ZC=F,462.0,462.0,463.0,452.0,452.25,153366
2026-07-23,Corn,ZC=F,464.0,464.0,466.75,460.0,460.0,123627
2026-07-24,Corn,ZC=F,464.25,464.25,468.0,455.5,462.5,138477
2026-07-27,Corn,ZC=F,451.75,451.75,461.25,448.75,459.25,138477
2026-07-28,Corn,ZC=F,475.5,475.5,478.25,474.25,474.75,17836
