id,source,source_url,event_name,event_type,country,event_date,published_time_utc,ingestion_time_utc,previous_value,forecast_value,actual_value,surprise_percentage,importance_score,affected_assets,event_status,raw_response
236ca863a94eb68d,Federal Reserve,https://www.federalreserve.gov/monetarypolicy/fomccalendars.htm,FOMC Meeting,Monetary Policy Meeting,United States,2026-01-28,,2026-07-31T12:45:57.523520+00:00,,,,,95,"USD, Gold, US Bonds, US Equities",Completed,"January 27-28 Statement: PDF | HTML Implementation Note Press Conference Statement on Longer-Run Goals and Monetary Policy Strategy Minutes: PDF | HTML (Released February 18, 2026)"
fbb74e20b4bce26d,Federal Reserve,https://www.federalreserve.gov/monetarypolicy/fomccalendars.htm,FOMC Meeting,Monetary Policy Meeting,United States,2026-02-18,,2026-07-31T12:45:57.523520+00:00,,,,,95,"USD, Gold, US Bonds, US Equities",Completed,"Minutes: PDF | HTML (Released February 18, 2026)"
e06795ebd3b2cc06,Federal Reserve,https://www.federalreserve.gov/monetarypolicy/fomccalendars.htm,FOMC Meeting,Monetary Policy Meeting,United States,2026-03-18,,2026-07-31T12:45:57.523520+00:00,,,,,95,"USD, Gold, US Bonds, US Equities",Completed,"March 17-18* Statement: PDF | HTML Implementation Note Press Conference Projection Materials PDF | HTML Minutes: PDF | HTML (Released April 08, 2026)"
02493c185db561b0,Federal Reserve,https://www.federalreserve.gov/monetarypolicy/fomccalendars.htm,FOMC Meeting,Monetary Policy Meeting,United States,2026-04-08,,2026-07-31T12:45:57.523520+00:00,,,,,95,"USD, Gold, US Bonds, US Equities",Completed,"Minutes: PDF | HTML (Released April 08, 2026)"
63e965873b9fa0bd,Federal Reserve,https://www.federalreserve.gov/monetarypolicy/fomccalendars.htm,FOMC Meeting,Monetary Policy Meeting,United States,2026-04-29,,2026-07-31T12:45:57.523520+00:00,,,,,95,"USD, Gold, US Bonds, US Equities",Completed,"April 28-29 Statement: PDF | HTML Implementation Note Press Conference Minutes: PDF | HTML (Released May 20, 2026)"
547646cf140f3dfe,Federal Reserve,https://www.federalreserve.gov/monetarypolicy/fomccalendars.htm,FOMC Meeting,Monetary Policy Meeting,United States,2026-05-20,,2026-07-31T12:45:57.523520+00:00,,,,,95,"USD, Gold, US Bonds, US Equities",Completed,"Minutes: PDF | HTML (Released May 20, 2026)"
f5f570df090291a7,Federal Reserve,https://www.federalreserve.gov/monetarypolicy/fomccalendars.htm,FOMC Meeting,Monetary Policy Meeting,United States,2026-06-17,,2026-07-31T12:45:57.523520+00:00,,,,,95,"USD, Gold, US Bonds, US Equities",Completed,"June 16-17* Statement: PDF | HTML Implementation Note Press Conference Projection Materials PDF | HTML Minutes: PDF | HTML (Released July 08, 2026)"
c14766e4229364f6,Federal Reserve,https://www.federalreserve.gov/monetarypolicy/fomccalendars.htm,FOMC Meeting,Monetary Policy Meeting,United States,2026-07-08,,2026-07-31T12:45:57.523520+00:00,,,,,95,"USD, Gold, US Bonds, US Equities",Completed,"Minutes: PDF | HTML (Released July 08, 2026)"
998fa754d47bda0e,Federal Reserve,https://www.federalreserve.gov/monetarypolicy/fomccalendars.htm,FOMC Meeting,Monetary Policy Meeting,United States,2026-07-29,,2026-07-31T12:45:57.523520+00:00,,,,,95,"USD, Gold, US Bonds, US Equities",Completed,July 28-29 Statement: PDF | HTML Implementation Note Press Conference
868f24c6a2a92006,Federal Reserve,https://www.federalreserve.gov/monetarypolicy/fomccalendars.htm,FOMC Meeting,Monetary Policy Meeting,United States,2026-09-16,,2026-07-31T12:45:57.523520+00:00,,,,,95,"USD, Gold, US Bonds, US Equities",Upcoming,September 15-16*
9514ce8d776b3e57,Federal Reserve,https://www.federalreserve.gov/monetarypolicy/fomccalendars.htm,FOMC Meeting,Monetary Policy Meeting,United States,2026-10-28,,2026-07-31T12:45:57.523520+00:00,,,,,95,"USD, Gold, US Bonds, US Equities",Upcoming,October 27-28
468e273a44f3226f,Federal Reserve,https://www.federalreserve.gov/monetarypolicy/fomccalendars.htm,FOMC Meeting,Monetary Policy Meeting,United States,2026-12-09,,2026-07-31T12:45:57.523520+00:00,,,,,95,"USD, Gold, US Bonds, US Equities",Upcoming,December 8-9*
e8882cedef0b005d,Federal Reserve,https://www.federalreserve.gov/monetarypolicy/fomccalendars.htm,FOMC Meeting,Monetary Policy Meeting,United States,2026-01-29,,2026-07-31T12:45:57.523520+00:00,,,,,95,"USD, Gold, US Bonds, US Equities",Completed,"2025 FOMC Meetings January 28-29 Statement: PDF | HTML Implementation Note Press Conference Minutes: PDF | HTML (Released February 19, 2025) March 18-19* Statement: PDF | HTML Implementation Note Press Conference Projection Materials PDF | HTML Minutes: PDF | HTML (Released April 09, 2025) May 6-7 Statement: PDF | HTML Implementation Note Press Conference Minutes: PDF | HTML (Released May 28, 2025) June 17-18* Statement: PDF | HTML Implementation Note Press Conference Projection Materials PDF | HTML Minutes: PDF | HTML (Released July 09, 2025) July 29-30 Statement: PDF | HTML Implementation Note Press Conference Minutes: PDF | HTML (Released August 20, 2025) August 22 (notation vote) Statement on Longer-Run Goals and Monetary Policy Strategy September 16-17* Statement: PDF | HTML Implementation Note Press Conference Projection Materials PDF | HTML Minutes: PDF | HTML (Released October 08, 2025) October 28-29 Statement: PDF | HTML Implementation Note Press Conference Minutes: PDF | HTML (Released November 19, 2025) December 9-10* Statement: PDF | HTML Implementation Note Press Conference Projection Materials PDF | HTML Minutes: PDF | HTML (Released December 30, 2025) * Meeting associated with a Summary of Economic Projections."
84571172efa8fb81,Federal Reserve,https://www.federalreserve.gov/monetarypolicy/fomccalendars.htm,FOMC Meeting,Monetary Policy Meeting,United States,2025-01-29,,2026-07-31T12:45:57.523520+00:00,,,,,95,"USD, Gold, US Bonds, US Equities",Completed,"January 28-29 Statement: PDF | HTML Implementation Note Press Conference Minutes: PDF | HTML (Released February 19, 2025)"
8eae9f5206367c46,Federal Reserve,https://www.federalreserve.gov/monetarypolicy/fomccalendars.htm,FOMC Meeting,Monetary Policy Meeting,United States,2025-02-19,,2026-07-31T12:45:57.523520+00:00,,,,,95,"USD, Gold, US Bonds, US Equities",Completed,"Minutes: PDF | HTML (Released February 19, 2025)"
8fafa5e9b4ee122a,Federal Reserve,https://www.federalreserve.gov/monetarypolicy/fomccalendars.htm,FOMC Meeting,Monetary Policy Meeting,United States,2025-03-19,,2026-07-31T12:45:57.523520+00:00,,,,,95,"USD, Gold, US Bonds, US Equities",Completed,"March 18-19* Statement: PDF | HTML Implementation Note Press Conference Projection Materials PDF | HTML Minutes: PDF | HTML (Released April 09, 2025)"
68f9c0b2c678c7b0,Federal Reserve,https://www.federalreserve.gov/monetarypolicy/fomccalendars.htm,FOMC Meeting,Monetary Policy Meeting,United States,2025-04-09,,2026-07-31T12:45:57.523520+00:00,,,,,95,"USD, Gold, US Bonds, US Equities",Completed,"Minutes: PDF | HTML (Released April 09, 2025)"
97ca6d55eecca01e,Federal Reserve,https://www.federalreserve.gov/monetarypolicy/fomccalendars.htm,FOMC Meeting,Monetary Policy Meeting,United States,2025-05-07,,2026-07-31T12:45:57.523520+00:00,,,,,95,"USD, Gold, US Bonds, US Equities",Completed,"May 6-7 Statement: PDF | HTML Implementation Note Press Conference Minutes: PDF | HTML (Released May 28, 2025)"
417ad3b3cd4eff82,Federal Reserve,https://www.federalreserve.gov/monetarypolicy/fomccalendars.htm,FOMC Meeting,Monetary Policy Meeting,United States,2025-05-28,,2026-07-31T12:45:57.523520+00:00,,,,,95,"USD, Gold, US Bonds, US Equities",Completed,"Minutes: PDF | HTML (Released May 28, 2025)"
e61d9ea92d7fee4f,Federal Reserve,https://www.federalreserve.gov/monetarypolicy/fomccalendars.htm,FOMC Meeting,Monetary Policy Meeting,United States,2025-06-18,,2026-07-31T12:45:57.523520+00:00,,,,,95,"USD, Gold, US Bonds, US Equities",Completed,"June 17-18* Statement: PDF | HTML Implementation Note Press Conference Projection Materials PDF | HTML Minutes: PDF | HTML (Released July 09, 2025)"
4fc803658a939128,Federal Reserve,https://www.federalreserve.gov/monetarypolicy/fomccalendars.htm,FOMC Meeting,Monetary Policy Meeting,United States,2025-07-09,,2026-07-31T12:45:57.523520+00:00,,,,,95,"USD, Gold, US Bonds, US Equities",Completed,"Minutes: PDF | HTML (Released July 09, 2025)"
a3d767b1d4879e91,Federal Reserve,https://www.federalreserve.gov/monetarypolicy/fomccalendars.htm,FOMC Meeting,Monetary Policy Meeting,United States,2025-07-30,,2026-07-31T12:45:57.523520+00:00,,,,,95,"USD, Gold, US Bonds, US Equities",Completed,"July 29-30 Statement: PDF | HTML Implementation Note Press Conference Minutes: PDF | HTML (Released August 20, 2025)"
71e98fcc06a240db,Federal Reserve,https://www.federalreserve.gov/monetarypolicy/fomccalendars.htm,FOMC Meeting,Monetary Policy Meeting,United States,2025-08-20,,2026-07-31T12:45:57.523520+00:00,,,,,95,"USD, Gold, US Bonds, US Equities",Completed,"Minutes: PDF | HTML (Released August 20, 2025)"
e413bd750078835c,Federal Reserve,https://www.federalreserve.gov/monetarypolicy/fomccalendars.htm,FOMC Meeting,Monetary Policy Meeting,United States,2025-08-22,,2026-07-31T12:45:57.523520+00:00,,,,,95,"USD, Gold, US Bonds, US Equities",Completed,August 22 (notation vote) Statement on Longer-Run Goals and Monetary Policy Strategy
da16d47906ea6272,Federal Reserve,https://www.federalreserve.gov/monetarypolicy/fomccalendars.htm,FOMC Meeting,Monetary Policy Meeting,United States,2025-09-17,,2026-07-31T12:45:57.523520+00:00,,,,,95,"USD, Gold, US Bonds, US Equities",Completed,"September 16-17* Statement: PDF | HTML Implementation Note Press Conference Projection Materials PDF | HTML Minutes: PDF | HTML (Released October 08, 2025)"
45164b11c262f3e2,Federal Reserve,https://www.federalreserve.gov/monetarypolicy/fomccalendars.htm,FOMC Meeting,Monetary Policy Meeting,United States,2025-10-08,,2026-07-31T12:45:57.523520+00:00,,,,,95,"USD, Gold, US Bonds, US Equities",Completed,"Minutes: PDF | HTML (Released October 08, 2025)"
e8c28431c487566f,Federal Reserve,https://www.federalreserve.gov/monetarypolicy/fomccalendars.htm,FOMC Meeting,Monetary Policy Meeting,United States,2025-10-29,,2026-07-31T12:45:57.523520+00:00,,,,,95,"USD, Gold, US Bonds, US Equities",Completed,"October 28-29 Statement: PDF | HTML Implementation Note Press Conference Minutes: PDF | HTML (Released November 19, 2025)"
5e5433cd18f7fd37,Federal Reserve,https://www.federalreserve.gov/monetarypolicy/fomccalendars.htm,FOMC Meeting,Monetary Policy Meeting,United States,2025-11-19,,2026-07-31T12:45:57.523520+00:00,,,,,95,"USD, Gold, US Bonds, US Equities",Completed,"Minutes: PDF | HTML (Released November 19, 2025)"
5c7fc1d28aa390c4,Federal Reserve,https://www.federalreserve.gov/monetarypolicy/fomccalendars.htm,FOMC Meeting,Monetary Policy Meeting,United States,2025-12-10,,2026-07-31T12:45:57.523520+00:00,,,,,95,"USD, Gold, US Bonds, US Equities",Completed,"December 9-10* Statement: PDF | HTML Implementation Note Press Conference Projection Materials PDF | HTML Minutes: PDF | HTML (Released December 30, 2025)"
43e894c18f2d8e45,Federal Reserve,https://www.federalreserve.gov/monetarypolicy/fomccalendars.htm,FOMC Meeting,Monetary Policy Meeting,United States,2025-12-30,,2026-07-31T12:45:57.523520+00:00,,,,,95,"USD, Gold, US Bonds, US Equities",Completed,"Minutes: PDF | HTML (Released December 30, 2025)"
d2dc897560a61406,Federal Reserve,https://www.federalreserve.gov/monetarypolicy/fomccalendars.htm,FOMC Meeting,Monetary Policy Meeting,United States,2025-01-31,,2026-07-31T12:45:57.523520+00:00,,,,,95,"USD, Gold, US Bonds, US Equities",Completed,"2024 FOMC Meetings January 30-31 Statement: PDF | HTML Implementation Note Press Conference Statement on Longer-Run Goals and Monetary Policy Strategy Minutes: PDF | HTML (Released February 21, 2024) March 19-20* Statement: PDF | HTML Implementation Note Press Conference Projection Materials PDF | HTML Minutes: PDF | HTML (Released April 10, 2024) Apr/May 30-1 Statement: PDF | HTML Implementation Note Press Conference Minutes: PDF | HTML (Released May 22, 2024) June 11-12* Statement: PDF | HTML Implementation Note Press Conference Projection Materials PDF | HTML Minutes: PDF | HTML (Released July 03, 2024) July 30-31 Statement: PDF | HTML Implementation Note Press Conference Minutes: PDF | HTML (Released August 21, 2024) September 17-18* Statement: PDF | HTML Implementation Note Press Conference Projection Materials PDF | HTML Minutes: PDF | HTML (Released October 09, 2024) November 6-7 Statement: PDF | HTML Implementation Note Press Conference Minutes: PDF | HTML (Released November 26, 2024) December 17-18* Statement: PDF | HTML Implementation Note Press Conference Projection Materials PDF | HTML Minutes: PDF | HTML (Released January 08, 2025) * Meeting associated with a Summary of Economic Projections."
fd28e87e3c540626,Federal Reserve,https://www.federalreserve.gov/monetarypolicy/fomccalendars.htm,FOMC Meeting,Monetary Policy Meeting,United States,2024-01-31,,2026-07-31T12:45:57.523520+00:00,,,,,95,"USD, Gold, US Bonds, US Equities",Completed,"January 30-31 Statement: PDF | HTML Implementation Note Press Conference Statement on Longer-Run Goals and Monetary Policy Strategy Minutes: PDF | HTML (Released February 21, 2024)"
84d9447daa744631,Federal Reserve,https://www.federalreserve.gov/monetarypolicy/fomccalendars.htm,FOMC Meeting,Monetary Policy Meeting,United States,2024-02-21,,2026-07-31T12:45:57.523520+00:00,,,,,95,"USD, Gold, US Bonds, US Equities",Completed,"Minutes: PDF | HTML (Released February 21, 2024)"
ae0ac7058106107a,Federal Reserve,https://www.federalreserve.gov/monetarypolicy/fomccalendars.htm,FOMC Meeting,Monetary Policy Meeting,United States,2024-03-20,,2026-07-31T12:45:57.523520+00:00,,,,,95,"USD, Gold, US Bonds, US Equities",Completed,"March 19-20* Statement: PDF | HTML Implementation Note Press Conference Projection Materials PDF | HTML Minutes: PDF | HTML (Released April 10, 2024)"
88c762b380361036,Federal Reserve,https://www.federalreserve.gov/monetarypolicy/fomccalendars.htm,FOMC Meeting,Monetary Policy Meeting,United States,2024-04-10,,2026-07-31T12:45:57.523520+00:00,,,,,95,"USD, Gold, US Bonds, US Equities",Completed,"Minutes: PDF | HTML (Released April 10, 2024)"
83a9aad26bf6b960,Federal Reserve,https://www.federalreserve.gov/monetarypolicy/fomccalendars.htm,FOMC Meeting,Monetary Policy Meeting,United States,2024-05-01,,2026-07-31T12:45:57.523520+00:00,,,,,95,"USD, Gold, US Bonds, US Equities",Completed,"Apr/May 30-1 Statement: PDF | HTML Implementation Note Press Conference Minutes: PDF | HTML (Released May 22, 2024)"
b2845fba54b2ba7d,Federal Reserve,https://www.federalreserve.gov/monetarypolicy/fomccalendars.htm,FOMC Meeting,Monetary Policy Meeting,United States,2024-05-22,,2026-07-31T12:45:57.523520+00:00,,,,,95,"USD, Gold, US Bonds, US Equities",Completed,"Minutes: PDF | HTML (Released May 22, 2024)"
def544d6f6d1c105,Federal Reserve,https://www.federalreserve.gov/monetarypolicy/fomccalendars.htm,FOMC Meeting,Monetary Policy Meeting,United States,2024-06-12,,2026-07-31T12:45:57.523520+00:00,,,,,95,"USD, Gold, US Bonds, US Equities",Completed,"June 11-12* Statement: PDF | HTML Implementation Note Press Conference Projection Materials PDF | HTML Minutes: PDF | HTML (Released July 03, 2024)"
06c99d957243cc12,Federal Reserve,https://www.federalreserve.gov/monetarypolicy/fomccalendars.htm,FOMC Meeting,Monetary Policy Meeting,United States,2024-07-03,,2026-07-31T12:45:57.523520+00:00,,,,,95,"USD, Gold, US Bonds, US Equities",Completed,"Minutes: PDF | HTML (Released July 03, 2024)"
62530ad43c74c9c3,Federal Reserve,https://www.federalreserve.gov/monetarypolicy/fomccalendars.htm,FOMC Meeting,Monetary Policy Meeting,United States,2024-07-31,,2026-07-31T12:45:57.523520+00:00,,,,,95,"USD, Gold, US Bonds, US Equities",Completed,"July 30-31 Statement: PDF | HTML Implementation Note Press Conference Minutes: PDF | HTML (Released August 21, 2024)"
62032656c6ed9890,Federal Reserve,https://www.federalreserve.gov/monetarypolicy/fomccalendars.htm,FOMC Meeting,Monetary Policy Meeting,United States,2024-08-21,,2026-07-31T12:45:57.523520+00:00,,,,,95,"USD, Gold, US Bonds, US Equities",Completed,"Minutes: PDF | HTML (Released August 21, 2024)"
a2746652bc3aac62,Federal Reserve,https://www.federalreserve.gov/monetarypolicy/fomccalendars.htm,FOMC Meeting,Monetary Policy Meeting,United States,2024-09-18,,2026-07-31T12:45:57.523520+00:00,,,,,95,"USD, Gold, US Bonds, US Equities",Completed,"September 17-18* Statement: PDF | HTML Implementation Note Press Conference Projection Materials PDF | HTML Minutes: PDF | HTML (Released October 09, 2024)"
274f7d4522b81051,Federal Reserve,https://www.federalreserve.gov/monetarypolicy/fomccalendars.htm,FOMC Meeting,Monetary Policy Meeting,United States,2024-10-09,,2026-07-31T12:45:57.523520+00:00,,,,,95,"USD, Gold, US Bonds, US Equities",Completed,"Minutes: PDF | HTML (Released October 09, 2024)"
1fc5c2fe382c5623,Federal Reserve,https://www.federalreserve.gov/monetarypolicy/fomccalendars.htm,FOMC Meeting,Monetary Policy Meeting,United States,2024-11-07,,2026-07-31T12:45:57.523520+00:00,,,,,95,"USD, Gold, US Bonds, US Equities",Completed,"November 6-7 Statement: PDF | HTML Implementation Note Press Conference Minutes: PDF | HTML (Released November 26, 2024)"
d5258841f0c1af77,Federal Reserve,https://www.federalreserve.gov/monetarypolicy/fomccalendars.htm,FOMC Meeting,Monetary Policy Meeting,United States,2024-11-26,,2026-07-31T12:45:57.523520+00:00,,,,,95,"USD, Gold, US Bonds, US Equities",Completed,"Minutes: PDF | HTML (Released November 26, 2024)"
a7d93a8f1fa61286,Federal Reserve,https://www.federalreserve.gov/monetarypolicy/fomccalendars.htm,FOMC Meeting,Monetary Policy Meeting,United States,2024-12-18,,2026-07-31T12:45:57.523520+00:00,,,,,95,"USD, Gold, US Bonds, US Equities",Completed,"December 17-18* Statement: PDF | HTML Implementation Note Press Conference Projection Materials PDF | HTML Minutes: PDF | HTML (Released January 08, 2025)"
8e757a915d70f046,Federal Reserve,https://www.federalreserve.gov/monetarypolicy/fomccalendars.htm,FOMC Meeting,Monetary Policy Meeting,United States,2024-01-08,,2026-07-31T12:45:57.523520+00:00,,,,,95,"USD, Gold, US Bonds, US Equities",Completed,"Minutes: PDF | HTML (Released January 08, 2025)"
1c4531c524072a95,Federal Reserve,https://www.federalreserve.gov/monetarypolicy/fomccalendars.htm,FOMC Meeting,Monetary Policy Meeting,United States,2024-02-22,,2026-07-31T12:45:57.523520+00:00,,,,,95,"USD, Gold, US Bonds, US Equities",Completed,"2023 FOMC Meetings Jan/Feb 31-1 Statement: PDF | HTML Implementation Note Press Conference Statement on Longer-Run Goals and Monetary Policy Strategy Minutes: PDF | HTML (Released February 22, 2023) March 21-22* Statement: PDF | HTML Implementation Note Press Conference Projection Materials PDF | HTML Minutes: PDF | HTML (Released April 12, 2023) May 2-3 Statement: PDF | HTML Implementation Note Press Conference Minutes: PDF | HTML (Released May 24, 2023) June 13-14* Statement: PDF | HTML Implementation Note Press Conference Projection Materials PDF | HTML Minutes: PDF | HTML (Released July 05, 2023) July 25-26 Statement: PDF | HTML Implementation Note Press Conference Minutes: PDF | HTML (Released August 16, 2023) September 19-20* Statement: PDF | HTML Implementation Note Press Conference Projection Materials PDF | HTML Minutes: PDF | HTML (Released October 11, 2023) Oct/Nov 31-1 Statement: PDF | HTML Implementation Note Press Conference Minutes: PDF | HTML (Released November 21, 2023) December 12-13* Statement: PDF | HTML Implementation Note Press Conference Projection Materials PDF | HTML Minutes: PDF | HTML (Released January 03, 2024) * Meeting associated with a Summary of Economic Projections."
4d6f9027c78fc421,Federal Reserve,https://www.federalreserve.gov/monetarypolicy/fomccalendars.htm,FOMC Meeting,Monetary Policy Meeting,United States,2023-02-22,,2026-07-31T12:45:57.523520+00:00,,,,,95,"USD, Gold, US Bonds, US Equities",Completed,"Jan/Feb 31-1 Statement: PDF | HTML Implementation Note Press Conference Statement on Longer-Run Goals and Monetary Policy Strategy Minutes: PDF | HTML (Released February 22, 2023)"
81e6d946d688c632,Federal Reserve,https://www.federalreserve.gov/monetarypolicy/fomccalendars.htm,FOMC Meeting,Monetary Policy Meeting,United States,2023-03-22,,2026-07-31T12:45:57.523520+00:00,,,,,95,"USD, Gold, US Bonds, US Equities",Completed,"March 21-22* Statement: PDF | HTML Implementation Note Press Conference Projection Materials PDF | HTML Minutes: PDF | HTML (Released April 12, 2023)"
ef271779e5fa6fa9,Federal Reserve,https://www.federalreserve.gov/monetarypolicy/fomccalendars.htm,FOMC Meeting,Monetary Policy Meeting,United States,2023-04-12,,2026-07-31T12:45:57.523520+00:00,,,,,95,"USD, Gold, US Bonds, US Equities",Completed,"Minutes: PDF | HTML (Released April 12, 2023)"
e433e361d4ee919b,Federal Reserve,https://www.federalreserve.gov/monetarypolicy/fomccalendars.htm,FOMC Meeting,Monetary Policy Meeting,United States,2023-05-03,,2026-07-31T12:45:57.523520+00:00,,,,,95,"USD, Gold, US Bonds, US Equities",Completed,"May 2-3 Statement: PDF | HTML Implementation Note Press Conference Minutes: PDF | HTML (Released May 24, 2023)"
8ad7c96eff9da0a7,Federal Reserve,https://www.federalreserve.gov/monetarypolicy/fomccalendars.htm,FOMC Meeting,Monetary Policy Meeting,United States,2023-05-24,,2026-07-31T12:45:57.523520+00:00,,,,,95,"USD, Gold, US Bonds, US Equities",Completed,"Minutes: PDF | HTML (Released May 24, 2023)"
308838fa546e1000,Federal Reserve,https://www.federalreserve.gov/monetarypolicy/fomccalendars.htm,FOMC Meeting,Monetary Policy Meeting,United States,2023-06-14,,2026-07-31T12:45:57.523520+00:00,,,,,95,"USD, Gold, US Bonds, US Equities",Completed,"June 13-14* Statement: PDF | HTML Implementation Note Press Conference Projection Materials PDF | HTML Minutes: PDF | HTML (Released July 05, 2023)"
ca13e63809e254d6,Federal Reserve,https://www.federalreserve.gov/monetarypolicy/fomccalendars.htm,FOMC Meeting,Monetary Policy Meeting,United States,2023-07-05,,2026-07-31T12:45:57.523520+00:00,,,,,95,"USD, Gold, US Bonds, US Equities",Completed,"Minutes: PDF | HTML (Released July 05, 2023)"
dd8d878f1246c8b9,Federal Reserve,https://www.federalreserve.gov/monetarypolicy/fomccalendars.htm,FOMC Meeting,Monetary Policy Meeting,United States,2023-07-26,,2026-07-31T12:45:57.523520+00:00,,,,,95,"USD, Gold, US Bonds, US Equities",Completed,"July 25-26 Statement: PDF | HTML Implementation Note Press Conference Minutes: PDF | HTML (Released August 16, 2023)"
8bf37ef132ed8504,Federal Reserve,https://www.federalreserve.gov/monetarypolicy/fomccalendars.htm,FOMC Meeting,Monetary Policy Meeting,United States,2023-08-16,,2026-07-31T12:45:57.523520+00:00,,,,,95,"USD, Gold, US Bonds, US Equities",Completed,"Minutes: PDF | HTML (Released August 16, 2023)"
08eaf4a590500545,Federal Reserve,https://www.federalreserve.gov/monetarypolicy/fomccalendars.htm,FOMC Meeting,Monetary Policy Meeting,United States,2023-09-20,,2026-07-31T12:45:57.523520+00:00,,,,,95,"USD, Gold, US Bonds, US Equities",Completed,"September 19-20* Statement: PDF | HTML Implementation Note Press Conference Projection Materials PDF | HTML Minutes: PDF | HTML (Released October 11, 2023)"
1878d2bb89b68bdc,Federal Reserve,https://www.federalreserve.gov/monetarypolicy/fomccalendars.htm,FOMC Meeting,Monetary Policy Meeting,United States,2023-10-11,,2026-07-31T12:45:57.523520+00:00,,,,,95,"USD, Gold, US Bonds, US Equities",Completed,"Minutes: PDF | HTML (Released October 11, 2023)"
7cd269c071cf43b4,Federal Reserve,https://www.federalreserve.gov/monetarypolicy/fomccalendars.htm,FOMC Meeting,Monetary Policy Meeting,United States,2023-11-21,,2026-07-31T12:45:57.523520+00:00,,,,,95,"USD, Gold, US Bonds, US Equities",Completed,"Oct/Nov 31-1 Statement: PDF | HTML Implementation Note Press Conference Minutes: PDF | HTML (Released November 21, 2023)"
a78da6e18a6aae16,Federal Reserve,https://www.federalreserve.gov/monetarypolicy/fomccalendars.htm,FOMC Meeting,Monetary Policy Meeting,United States,2023-12-13,,2026-07-31T12:45:57.523520+00:00,,,,,95,"USD, Gold, US Bonds, US Equities",Completed,"December 12-13* Statement: PDF | HTML Implementation Note Press Conference Projection Materials PDF | HTML Minutes: PDF | HTML (Released January 03, 2024)"
13919174d4dddc6b,Federal Reserve,https://www.federalreserve.gov/monetarypolicy/fomccalendars.htm,FOMC Meeting,Monetary Policy Meeting,United States,2023-01-03,,2026-07-31T12:45:57.523520+00:00,,,,,95,"USD, Gold, US Bonds, US Equities",Completed,"Minutes: PDF | HTML (Released January 03, 2024)"
4bde5e8987a7d168,Federal Reserve,https://www.federalreserve.gov/monetarypolicy/fomccalendars.htm,FOMC Meeting,Monetary Policy Meeting,United States,2023-01-26,,2026-07-31T12:45:57.523520+00:00,,,,,95,"USD, Gold, US Bonds, US Equities",Completed,"2022 FOMC Meetings January 25-26 Statement: PDF | HTML Implementation Note Press Conference Statement on Longer-Run Goals and Monetary Policy Strategy Principles for Reducing the Size of the Federal Reserve's Balance Sheet Minutes: PDF | HTML (Released February 16, 2022) March 15-16* Statement: PDF | HTML Implementation Note Press Conference Projection Materials PDF | HTML Minutes: PDF | HTML (Released April 06, 2022) May 3-4 Statement: PDF | HTML Implementation Note Press Conference Plans for Reducing the Size of the Federal Reserve's Balance Sheet Minutes: PDF | HTML (Released May 25, 2022) June 14-15* Statement: PDF | HTML Implementation Note Press Conference Projection Materials PDF | HTML Minutes: PDF | HTML (Released July 06, 2022) July 26-27 Statement: PDF | HTML Implementation Note Press Conference Minutes: PDF | HTML (Released August 17, 2022) September 20-21* Statement: PDF | HTML Implementation Note Press Conference Projection Materials PDF | HTML Minutes: PDF | HTML (Released October 12, 2022) November 1-2 Statement: PDF | HTML Implementation Note Press Conference Minutes: PDF | HTML (Released November 23, 2022) December 13-14* Statement: PDF | HTML Implementation Note Press Conference Projection Materials PDF | HTML Minutes: PDF | HTML (Released January 04, 2023) * Meeting associated with a Summary of Economic Projections."
9d4ced66361f4571,Federal Reserve,https://www.federalreserve.gov/monetarypolicy/fomccalendars.htm,FOMC Meeting,Monetary Policy Meeting,United States,2022-01-26,,2026-07-31T12:45:57.523520+00:00,,,,,95,"USD, Gold, US Bonds, US Equities",Completed,"January 25-26 Statement: PDF | HTML Implementation Note Press Conference Statement on Longer-Run Goals and Monetary Policy Strategy Principles for Reducing the Size of the Federal Reserve's Balance Sheet Minutes: PDF | HTML (Released February 16, 2022)"
a0e4c2bc41ca59ca,Federal Reserve,https://www.federalreserve.gov/monetarypolicy/fomccalendars.htm,FOMC Meeting,Monetary Policy Meeting,United States,2022-02-16,,2026-07-31T12:45:57.523520+00:00,,,,,95,"USD, Gold, US Bonds, US Equities",Completed,"Minutes: PDF | HTML (Released February 16, 2022)"
3ae47e2cbf73756a,Federal Reserve,https://www.federalreserve.gov/monetarypolicy/fomccalendars.htm,FOMC Meeting,Monetary Policy Meeting,United States,2022-03-16,,2026-07-31T12:45:57.523520+00:00,,,,,95,"USD, Gold, US Bonds, US Equities",Completed,"March 15-16* Statement: PDF | HTML Implementation Note Press Conference Projection Materials PDF | HTML Minutes: PDF | HTML (Released April 06, 2022)"
0ab82c3d6753b9d0,Federal Reserve,https://www.federalreserve.gov/monetarypolicy/fomccalendars.htm,FOMC Meeting,Monetary Policy Meeting,United States,2022-04-06,,2026-07-31T12:45:57.523520+00:00,,,,,95,"USD, Gold, US Bonds, US Equities",Completed,"Minutes: PDF | HTML (Released April 06, 2022)"
f7f572625cb1083a,Federal Reserve,https://www.federalreserve.gov/monetarypolicy/fomccalendars.htm,FOMC Meeting,Monetary Policy Meeting,United States,2022-05-04,,2026-07-31T12:45:57.523520+00:00,,,,,95,"USD, Gold, US Bonds, US Equities",Completed,"May 3-4 Statement: PDF | HTML Implementation Note Press Conference Plans for Reducing the Size of the Federal Reserve's Balance Sheet Minutes: PDF | HTML (Released May 25, 2022)"
1542309106680fc0,Federal Reserve,https://www.federalreserve.gov/monetarypolicy/fomccalendars.htm,FOMC Meeting,Monetary Policy Meeting,United States,2022-05-25,,2026-07-31T12:45:57.523520+00:00,,,,,95,"USD, Gold, US Bonds, US Equities",Completed,"Minutes: PDF | HTML (Released May 25, 2022)"
d7724e3f4eef2073,Federal Reserve,https://www.federalreserve.gov/monetarypolicy/fomccalendars.htm,FOMC Meeting,Monetary Policy Meeting,United States,2022-06-15,,2026-07-31T12:45:57.523520+00:00,,,,,95,"USD, Gold, US Bonds, US Equities",Completed,"June 14-15* Statement: PDF | HTML Implementation Note Press Conference Projection Materials PDF | HTML Minutes: PDF | HTML (Released July 06, 2022)"
f2454d5ef643affb,Federal Reserve,https://www.federalreserve.gov/monetarypolicy/fomccalendars.htm,FOMC Meeting,Monetary Policy Meeting,United States,2022-07-06,,2026-07-31T12:45:57.523520+00:00,,,,,95,"USD, Gold, US Bonds, US Equities",Completed,"Minutes: PDF | HTML (Released July 06, 2022)"
9aead19bb5feb6d0,Federal Reserve,https://www.federalreserve.gov/monetarypolicy/fomccalendars.htm,FOMC Meeting,Monetary Policy Meeting,United States,2022-07-27,,2026-07-31T12:45:57.523520+00:00,,,,,95,"USD, Gold, US Bonds, US Equities",Completed,"July 26-27 Statement: PDF | HTML Implementation Note Press Conference Minutes: PDF | HTML (Released August 17, 2022)"
f1be5843704cfd71,Federal Reserve,https://www.federalreserve.gov/monetarypolicy/fomccalendars.htm,FOMC Meeting,Monetary Policy Meeting,United States,2022-08-17,,2026-07-31T12:45:57.523520+00:00,,,,,95,"USD, Gold, US Bonds, US Equities",Completed,"Minutes: PDF | HTML (Released August 17, 2022)"
479962362293df32,Federal Reserve,https://www.federalreserve.gov/monetarypolicy/fomccalendars.htm,FOMC Meeting,Monetary Policy Meeting,United States,2022-09-21,,2026-07-31T12:45:57.523520+00:00,,,,,95,"USD, Gold, US Bonds, US Equities",Completed,"September 20-21* Statement: PDF | HTML Implementation Note Press Conference Projection Materials PDF | HTML Minutes: PDF | HTML (Released October 12, 2022)"
3e74f9a03f4b72e2,Federal Reserve,https://www.federalreserve.gov/monetarypolicy/fomccalendars.htm,FOMC Meeting,Monetary Policy Meeting,United States,2022-10-12,,2026-07-31T12:45:57.523520+00:00,,,,,95,"USD, Gold, US Bonds, US Equities",Completed,"Minutes: PDF | HTML (Released October 12, 2022)"
32bdd9867256a047,Federal Reserve,https://www.federalreserve.gov/monetarypolicy/fomccalendars.htm,FOMC Meeting,Monetary Policy Meeting,United States,2022-11-02,,2026-07-31T12:45:57.523520+00:00,,,,,95,"USD, Gold, US Bonds, US Equities",Completed,"November 1-2 Statement: PDF | HTML Implementation Note Press Conference Minutes: PDF | HTML (Released November 23, 2022)"
deae34021e09d6e1,Federal Reserve,https://www.federalreserve.gov/monetarypolicy/fomccalendars.htm,FOMC Meeting,Monetary Policy Meeting,United States,2022-11-23,,2026-07-31T12:45:57.523520+00:00,,,,,95,"USD, Gold, US Bonds, US Equities",Completed,"Minutes: PDF | HTML (Released November 23, 2022)"
bf23e22a71ef22ab,Federal Reserve,https://www.federalreserve.gov/monetarypolicy/fomccalendars.htm,FOMC Meeting,Monetary Policy Meeting,United States,2022-12-14,,2026-07-31T12:45:57.523520+00:00,,,,,95,"USD, Gold, US Bonds, US Equities",Completed,"December 13-14* Statement: PDF | HTML Implementation Note Press Conference Projection Materials PDF | HTML Minutes: PDF | HTML (Released January 04, 2023)"
0e88764bde079a5b,Federal Reserve,https://www.federalreserve.gov/monetarypolicy/fomccalendars.htm,FOMC Meeting,Monetary Policy Meeting,United States,2022-01-04,,2026-07-31T12:45:57.523520+00:00,,,,,95,"USD, Gold, US Bonds, US Equities",Completed,"Minutes: PDF | HTML (Released January 04, 2023)"
23f3576d4ef8b6dd,Federal Reserve,https://www.federalreserve.gov/monetarypolicy/fomccalendars.htm,FOMC Meeting,Monetary Policy Meeting,United States,2022-01-27,,2026-07-31T12:45:57.523520+00:00,,,,,95,"USD, Gold, US Bonds, US Equities",Completed,"2021 FOMC Meetings January 26-27 Statement: PDF | HTML Implementation Note Press Conference Statement on Longer-Run Goals and Monetary Policy Strategy Minutes: PDF | HTML (Released February 17, 2021) March 16-17* Statement: PDF | HTML Implementation Note Press Conference Projection Materials PDF | HTML Minutes: PDF | HTML (Released April 07, 2021) April 27-28 Statement: PDF | HTML Implementation Note Press Conference Minutes: PDF | HTML (Released May 19, 2021) June 15-16* Statement: PDF | HTML Implementation Note Press Conference Projection Materials PDF | HTML Minutes: PDF | HTML (Released July 07, 2021) July 27-28 Statement: PDF | HTML Implementation Note Press Conference Minutes: PDF | HTML (Released August 18, 2021) September 21-22* Statement: PDF | HTML Implementation Note Press Conference Projection Materials PDF | HTML Minutes: PDF | HTML (Released October 13, 2021) November 2-3 Statement: PDF | HTML Implementation Note Press Conference Minutes: PDF | HTML (Released November 24, 2021) December 14-15* Statement: PDF | HTML Implementation Note Press Conference Projection Materials PDF | HTML Minutes: PDF | HTML (Released January 05, 2022) * Meeting associated with a Summary of Economic Projections."
85c1c3539fa91ec1,Federal Reserve,https://www.federalreserve.gov/monetarypolicy/fomccalendars.htm,FOMC Meeting,Monetary Policy Meeting,United States,2021-01-27,,2026-07-31T12:45:57.523520+00:00,,,,,95,"USD, Gold, US Bonds, US Equities",Completed,"January 26-27 Statement: PDF | HTML Implementation Note Press Conference Statement on Longer-Run Goals and Monetary Policy Strategy Minutes: PDF | HTML (Released February 17, 2021)"
0bdf3cfa41fb8091,Federal Reserve,https://www.federalreserve.gov/monetarypolicy/fomccalendars.htm,FOMC Meeting,Monetary Policy Meeting,United States,2021-02-17,,2026-07-31T12:45:57.523520+00:00,,,,,95,"USD, Gold, US Bonds, US Equities",Completed,"Minutes: PDF | HTML (Released February 17, 2021)"
b6f2d05da5f6f031,Federal Reserve,https://www.federalreserve.gov/monetarypolicy/fomccalendars.htm,FOMC Meeting,Monetary Policy Meeting,United States,2021-03-17,,2026-07-31T12:45:57.523520+00:00,,,,,95,"USD, Gold, US Bonds, US Equities",Completed,"March 16-17* Statement: PDF | HTML Implementation Note Press Conference Projection Materials PDF | HTML Minutes: PDF | HTML (Released April 07, 2021)"
43a787ec2c1f9380,Federal Reserve,https://www.federalreserve.gov/monetarypolicy/fomccalendars.htm,FOMC Meeting,Monetary Policy Meeting,United States,2021-04-07,,2026-07-31T12:45:57.523520+00:00,,,,,95,"USD, Gold, US Bonds, US Equities",Completed,"Minutes: PDF | HTML (Released April 07, 2021)"
f6150c885f7d2221,Federal Reserve,https://www.federalreserve.gov/monetarypolicy/fomccalendars.htm,FOMC Meeting,Monetary Policy Meeting,United States,2021-04-28,,2026-07-31T12:45:57.523520+00:00,,,,,95,"USD, Gold, US Bonds, US Equities",Completed,"April 27-28 Statement: PDF | HTML Implementation Note Press Conference Minutes: PDF | HTML (Released May 19, 2021)"
591e463018cc5108,Federal Reserve,https://www.federalreserve.gov/monetarypolicy/fomccalendars.htm,FOMC Meeting,Monetary Policy Meeting,United States,2021-05-19,,2026-07-31T12:45:57.523520+00:00,,,,,95,"USD, Gold, US Bonds, US Equities",Completed,"Minutes: PDF | HTML (Released May 19, 2021)"
521ffb6fd4099024,Federal Reserve,https://www.federalreserve.gov/monetarypolicy/fomccalendars.htm,FOMC Meeting,Monetary Policy Meeting,United States,2021-06-16,,2026-07-31T12:45:57.523520+00:00,,,,,95,"USD, Gold, US Bonds, US Equities",Completed,"June 15-16* Statement: PDF | HTML Implementation Note Press Conference Projection Materials PDF | HTML Minutes: PDF | HTML (Released July 07, 2021)"
ca2aaca5f000318a,Federal Reserve,https://www.federalreserve.gov/monetarypolicy/fomccalendars.htm,FOMC Meeting,Monetary Policy Meeting,United States,2021-07-07,,2026-07-31T12:45:57.523520+00:00,,,,,95,"USD, Gold, US Bonds, US Equities",Completed,"Minutes: PDF | HTML (Released July 07, 2021)"
a50ca2b0c50e375e,Federal Reserve,https://www.federalreserve.gov/monetarypolicy/fomccalendars.htm,FOMC Meeting,Monetary Policy Meeting,United States,2021-07-28,,2026-07-31T12:45:57.523520+00:00,,,,,95,"USD, Gold, US Bonds, US Equities",Completed,"July 27-28 Statement: PDF | HTML Implementation Note Press Conference Minutes: PDF | HTML (Released August 18, 2021)"
39c258f00e50611a,Federal Reserve,https://www.federalreserve.gov/monetarypolicy/fomccalendars.htm,FOMC Meeting,Monetary Policy Meeting,United States,2021-08-18,,2026-07-31T12:45:57.523520+00:00,,,,,95,"USD, Gold, US Bonds, US Equities",Completed,"Minutes: PDF | HTML (Released August 18, 2021)"
81b4b2c93a0df9bd,Federal Reserve,https://www.federalreserve.gov/monetarypolicy/fomccalendars.htm,FOMC Meeting,Monetary Policy Meeting,United States,2021-09-22,,2026-07-31T12:45:57.523520+00:00,,,,,95,"USD, Gold, US Bonds, US Equities",Completed,"September 21-22* Statement: PDF | HTML Implementation Note Press Conference Projection Materials PDF | HTML Minutes: PDF | HTML (Released October 13, 2021)"
b66c9b585103b129,Federal Reserve,https://www.federalreserve.gov/monetarypolicy/fomccalendars.htm,FOMC Meeting,Monetary Policy Meeting,United States,2021-10-13,,2026-07-31T12:45:57.523520+00:00,,,,,95,"USD, Gold, US Bonds, US Equities",Completed,"Minutes: PDF | HTML (Released October 13, 2021)"
4fb92d263adb164e,Federal Reserve,https://www.federalreserve.gov/monetarypolicy/fomccalendars.htm,FOMC Meeting,Monetary Policy Meeting,United States,2021-11-03,,2026-07-31T12:45:57.523520+00:00,,,,,95,"USD, Gold, US Bonds, US Equities",Completed,"November 2-3 Statement: PDF | HTML Implementation Note Press Conference Minutes: PDF | HTML (Released November 24, 2021)"
3a1500cbc7a10bb3,Federal Reserve,https://www.federalreserve.gov/monetarypolicy/fomccalendars.htm,FOMC Meeting,Monetary Policy Meeting,United States,2021-11-24,,2026-07-31T12:45:57.523520+00:00,,,,,95,"USD, Gold, US Bonds, US Equities",Completed,"Minutes: PDF | HTML (Released November 24, 2021)"
c6c8a03afc5a4ada,Federal Reserve,https://www.federalreserve.gov/monetarypolicy/fomccalendars.htm,FOMC Meeting,Monetary Policy Meeting,United States,2021-12-15,,2026-07-31T12:45:57.523520+00:00,,,,,95,"USD, Gold, US Bonds, US Equities",Completed,"December 14-15* Statement: PDF | HTML Implementation Note Press Conference Projection Materials PDF | HTML Minutes: PDF | HTML (Released January 05, 2022)"
8d16d7600097663d,Federal Reserve,https://www.federalreserve.gov/monetarypolicy/fomccalendars.htm,FOMC Meeting,Monetary Policy Meeting,United States,2021-01-05,,2026-07-31T12:45:57.523520+00:00,,,,,95,"USD, Gold, US Bonds, US Equities",Completed,"Minutes: PDF | HTML (Released January 05, 2022)"
522e2b3c353548eb,Federal Reserve,https://www.federalreserve.gov/monetarypolicy/fomccalendars.htm,FOMC Meeting,Monetary Policy Meeting,United States,2027-01-27,,2026-07-31T12:45:57.523520+00:00,,,,,95,"USD, Gold, US Bonds, US Equities",Upcoming,January 26-27
ce2a26f60c006759,Federal Reserve,https://www.federalreserve.gov/monetarypolicy/fomccalendars.htm,FOMC Meeting,Monetary Policy Meeting,United States,2027-03-17,,2026-07-31T12:45:57.523520+00:00,,,,,95,"USD, Gold, US Bonds, US Equities",Upcoming,March 16-17*
37d918b9f1c80788,Federal Reserve,https://www.federalreserve.gov/monetarypolicy/fomccalendars.htm,FOMC Meeting,Monetary Policy Meeting,United States,2027-04-28,,2026-07-31T12:45:57.523520+00:00,,,,,95,"USD, Gold, US Bonds, US Equities",Upcoming,April 27-28
450daae4aa1ce498,Federal Reserve,https://www.federalreserve.gov/monetarypolicy/fomccalendars.htm,FOMC Meeting,Monetary Policy Meeting,United States,2027-06-09,,2026-07-31T12:45:57.523520+00:00,,,,,95,"USD, Gold, US Bonds, US Equities",Upcoming,June 8-9*
aa7f584d23fb33e6,Federal Reserve,https://www.federalreserve.gov/monetarypolicy/fomccalendars.htm,FOMC Meeting,Monetary Policy Meeting,United States,2027-07-28,,2026-07-31T12:45:57.523520+00:00,,,,,95,"USD, Gold, US Bonds, US Equities",Upcoming,July 27-28
1e06227cee8a20be,Federal Reserve,https://www.federalreserve.gov/monetarypolicy/fomccalendars.htm,FOMC Meeting,Monetary Policy Meeting,United States,2027-09-15,,2026-07-31T12:45:57.523520+00:00,,,,,95,"USD, Gold, US Bonds, US Equities",Upcoming,September 14-15*
290638f45526e3ae,Federal Reserve,https://www.federalreserve.gov/monetarypolicy/fomccalendars.htm,FOMC Meeting,Monetary Policy Meeting,United States,2027-10-27,,2026-07-31T12:45:57.523520+00:00,,,,,95,"USD, Gold, US Bonds, US Equities",Upcoming,October 26-27
b582bf3c9aed413a,Federal Reserve,https://www.federalreserve.gov/monetarypolicy/fomccalendars.htm,FOMC Meeting,Monetary Policy Meeting,United States,2027-12-08,,2026-07-31T12:45:57.523520+00:00,,,,,95,"USD, Gold, US Bonds, US Equities",Upcoming,December 7-8*
d6202c87489ca4a5,Federal Reserve,https://www.federalreserve.gov/monetarypolicy/fomccalendars.htm,FOMC Meeting,Monetary Policy Meeting,United States,2027-01-26,,2026-07-31T12:45:57.523520+00:00,,,,,95,"USD, Gold, US Bonds, US Equities",Upcoming,"Note: A two-day meeting is scheduled for January 25-26, 2028. Each meeting date is tentative until confirmed at the meeting immediately preceding it."
dc4012cec1d76374,Federal Reserve,https://www.federalreserve.gov/monetarypolicy/fomccalendars.htm,FOMC Meeting,Monetary Policy Meeting,United States,2027-07-29,,2026-07-31T12:45:57.523520+00:00,,,,,95,"USD, Gold, US Bonds, US Equities",Upcoming,"Last Update:
                    
                                July 29, 2026"
