id,source,source_type,source_url,title,description,full_text,event_date,event_status,published_time_utc,ingestion_time_utc,country,region,language,asset_class,market,sector,event_type,previous_value,forecast_value,actual_value,value_unit,surprise_percentage,importance_score,sentiment_score,confidence_score,sector_impact,historical_impact,time_until_event_minutes,keywords,named_entities,related_assets,raw_response
8803646cf883cd375bce,U.S. Bureau of Labor Statistics,Official API,https://www.bls.gov/cpi/,US CPI - June 2026,"Consumer Price Index for All Urban Consumers, All Items, U.S. city average, for June 2026.",CPI-U All Items value for June 2026: 333.952,2026-06-01,Released,,2026-08-03T05:48:17Z,United States,North America,en,Multi-Asset,United States,Macroeconomics,CPI Release,335.123,,333.952,Index Points,,90,,0.98,"Equities, Bonds, Commodities, Foreign Exchange, Banking","CPI releases can affect inflation expectations, interest-rate outlook, USD, bonds, equities and gold.",,"CPI, inflation, consumer prices, BLS, interest rates",U.S. Bureau of Labor Statistics,"USD, Gold, US Treasury Bonds, S&P 500","{""year"": ""2026"", ""period"": ""M06"", ""periodName"": ""June"", ""latest"": ""true"", ""value"": ""333.952"", ""footnotes"": [{}]}"
fc86c24e7b135ba677f0,U.S. Bureau of Labor Statistics,Official API,https://www.bls.gov/cpi/,US CPI - May 2026,"Consumer Price Index for All Urban Consumers, All Items, U.S. city average, for May 2026.",CPI-U All Items value for May 2026: 335.123,2026-05-01,Released,,2026-08-03T05:48:17Z,United States,North America,en,Multi-Asset,United States,Macroeconomics,CPI Release,333.02,,335.123,Index Points,,90,,0.98,"Equities, Bonds, Commodities, Foreign Exchange, Banking","CPI releases can affect inflation expectations, interest-rate outlook, USD, bonds, equities and gold.",,"CPI, inflation, consumer prices, BLS, interest rates",U.S. Bureau of Labor Statistics,"USD, Gold, US Treasury Bonds, S&P 500","{""year"": ""2026"", ""period"": ""M05"", ""periodName"": ""May"", ""value"": ""335.123"", ""footnotes"": [{}]}"
aa6a0d527f010a9c818d,U.S. Bureau of Labor Statistics,Official API,https://www.bls.gov/cpi/,US CPI - April 2026,"Consumer Price Index for All Urban Consumers, All Items, U.S. city average, for April 2026.",CPI-U All Items value for April 2026: 333.02,2026-04-01,Released,,2026-08-03T05:48:17Z,United States,North America,en,Multi-Asset,United States,Macroeconomics,CPI Release,330.213,,333.02,Index Points,,90,,0.98,"Equities, Bonds, Commodities, Foreign Exchange, Banking","CPI releases can affect inflation expectations, interest-rate outlook, USD, bonds, equities and gold.",,"CPI, inflation, consumer prices, BLS, interest rates",U.S. Bureau of Labor Statistics,"USD, Gold, US Treasury Bonds, S&P 500","{""year"": ""2026"", ""period"": ""M04"", ""periodName"": ""April"", ""value"": ""333.020"", ""footnotes"": [{}]}"
3725bd357035c61efa76,U.S. Bureau of Labor Statistics,Official API,https://www.bls.gov/cpi/,US CPI - March 2026,"Consumer Price Index for All Urban Consumers, All Items, U.S. city average, for March 2026.",CPI-U All Items value for March 2026: 330.213,2026-03-01,Released,,2026-08-03T05:48:17Z,United States,North America,en,Multi-Asset,United States,Macroeconomics,CPI Release,326.785,,330.213,Index Points,,90,,0.98,"Equities, Bonds, Commodities, Foreign Exchange, Banking","CPI releases can affect inflation expectations, interest-rate outlook, USD, bonds, equities and gold.",,"CPI, inflation, consumer prices, BLS, interest rates",U.S. Bureau of Labor Statistics,"USD, Gold, US Treasury Bonds, S&P 500","{""year"": ""2026"", ""period"": ""M03"", ""periodName"": ""March"", ""value"": ""330.213"", ""footnotes"": [{}]}"
d6765f69bfbc59df1573,U.S. Bureau of Labor Statistics,Official API,https://www.bls.gov/cpi/,US CPI - February 2026,"Consumer Price Index for All Urban Consumers, All Items, U.S. city average, for February 2026.",CPI-U All Items value for February 2026: 326.785,2026-02-01,Released,,2026-08-03T05:48:17Z,United States,North America,en,Multi-Asset,United States,Macroeconomics,CPI Release,325.252,,326.785,Index Points,,90,,0.98,"Equities, Bonds, Commodities, Foreign Exchange, Banking","CPI releases can affect inflation expectations, interest-rate outlook, USD, bonds, equities and gold.",,"CPI, inflation, consumer prices, BLS, interest rates",U.S. Bureau of Labor Statistics,"USD, Gold, US Treasury Bonds, S&P 500","{""year"": ""2026"", ""period"": ""M02"", ""periodName"": ""February"", ""value"": ""326.785"", ""footnotes"": [{}]}"
6e26450989ace753b634,U.S. Bureau of Labor Statistics,Official API,https://www.bls.gov/cpi/,US CPI - January 2026,"Consumer Price Index for All Urban Consumers, All Items, U.S. city average, for January 2026.",CPI-U All Items value for January 2026: 325.252,2026-01-01,Released,,2026-08-03T05:48:17Z,United States,North America,en,Multi-Asset,United States,Macroeconomics,CPI Release,324.054,,325.252,Index Points,,90,,0.98,"Equities, Bonds, Commodities, Foreign Exchange, Banking","CPI releases can affect inflation expectations, interest-rate outlook, USD, bonds, equities and gold.",,"CPI, inflation, consumer prices, BLS, interest rates",U.S. Bureau of Labor Statistics,"USD, Gold, US Treasury Bonds, S&P 500","{""year"": ""2026"", ""period"": ""M01"", ""periodName"": ""January"", ""value"": ""325.252"", ""footnotes"": [{}]}"
767bbfb3941f6c5dd239,U.S. Bureau of Labor Statistics,Official API,https://www.bls.gov/cpi/,US CPI - December 2025,"Consumer Price Index for All Urban Consumers, All Items, U.S. city average, for December 2025.",CPI-U All Items value for December 2025: 324.054,2025-12-01,Released,,2026-08-03T05:48:17Z,United States,North America,en,Multi-Asset,United States,Macroeconomics,CPI Release,324.122,,324.054,Index Points,,90,,0.98,"Equities, Bonds, Commodities, Foreign Exchange, Banking","CPI releases can affect inflation expectations, interest-rate outlook, USD, bonds, equities and gold.",,"CPI, inflation, consumer prices, BLS, interest rates",U.S. Bureau of Labor Statistics,"USD, Gold, US Treasury Bonds, S&P 500","{""year"": ""2025"", ""period"": ""M12"", ""periodName"": ""December"", ""value"": ""324.054"", ""footnotes"": [{}]}"
427d136d8bd3723ea4a3,U.S. Bureau of Labor Statistics,Official API,https://www.bls.gov/cpi/,US CPI - November 2025,"Consumer Price Index for All Urban Consumers, All Items, U.S. city average, for November 2025.",CPI-U All Items value for November 2025: 324.122,2025-11-01,Released,,2026-08-03T05:48:17Z,United States,North America,en,Multi-Asset,United States,Macroeconomics,CPI Release,324.8,,324.122,Index Points,,90,,0.98,"Equities, Bonds, Commodities, Foreign Exchange, Banking","CPI releases can affect inflation expectations, interest-rate outlook, USD, bonds, equities and gold.",,"CPI, inflation, consumer prices, BLS, interest rates",U.S. Bureau of Labor Statistics,"USD, Gold, US Treasury Bonds, S&P 500","{""year"": ""2025"", ""period"": ""M11"", ""periodName"": ""November"", ""value"": ""324.122"", ""footnotes"": [{}]}"
e74f49bf5130d8f480a9,U.S. Bureau of Labor Statistics,Official API,https://www.bls.gov/cpi/,US CPI - October 2025,"Consumer Price Index for All Urban Consumers, All Items, U.S. city average, for October 2025.",CPI-U All Items value for October 2025: None,2025-10-01,Awaiting Actual,,2026-08-03T05:48:17Z,United States,North America,en,Multi-Asset,United States,Macroeconomics,CPI Release,324.8,,,Index Points,,90,,0.98,"Equities, Bonds, Commodities, Foreign Exchange, Banking","CPI releases can affect inflation expectations, interest-rate outlook, USD, bonds, equities and gold.",,"CPI, inflation, consumer prices, BLS, interest rates",U.S. Bureau of Labor Statistics,"USD, Gold, US Treasury Bonds, S&P 500","{""year"": ""2025"", ""period"": ""M10"", ""periodName"": ""October"", ""value"": ""-"", ""footnotes"": [{""code"": ""X"", ""text"": ""Data unavailable due to the 2025 lapse in appropriations""}]}"
fbf2b4acdf0eec71a0de,U.S. Bureau of Labor Statistics,Official API,https://www.bls.gov/cpi/,US CPI - September 2025,"Consumer Price Index for All Urban Consumers, All Items, U.S. city average, for September 2025.",CPI-U All Items value for September 2025: 324.8,2025-09-01,Released,,2026-08-03T05:48:17Z,United States,North America,en,Multi-Asset,United States,Macroeconomics,CPI Release,323.976,,324.8,Index Points,,90,,0.98,"Equities, Bonds, Commodities, Foreign Exchange, Banking","CPI releases can affect inflation expectations, interest-rate outlook, USD, bonds, equities and gold.",,"CPI, inflation, consumer prices, BLS, interest rates",U.S. Bureau of Labor Statistics,"USD, Gold, US Treasury Bonds, S&P 500","{""year"": ""2025"", ""period"": ""M09"", ""periodName"": ""September"", ""value"": ""324.800"", ""footnotes"": [{}]}"
55b30a2d5b1db8641bf6,U.S. Bureau of Labor Statistics,Official API,https://www.bls.gov/cpi/,US CPI - August 2025,"Consumer Price Index for All Urban Consumers, All Items, U.S. city average, for August 2025.",CPI-U All Items value for August 2025: 323.976,2025-08-01,Released,,2026-08-03T05:48:17Z,United States,North America,en,Multi-Asset,United States,Macroeconomics,CPI Release,323.048,,323.976,Index Points,,90,,0.98,"Equities, Bonds, Commodities, Foreign Exchange, Banking","CPI releases can affect inflation expectations, interest-rate outlook, USD, bonds, equities and gold.",,"CPI, inflation, consumer prices, BLS, interest rates",U.S. Bureau of Labor Statistics,"USD, Gold, US Treasury Bonds, S&P 500","{""year"": ""2025"", ""period"": ""M08"", ""periodName"": ""August"", ""value"": ""323.976"", ""footnotes"": [{}]}"
fe67cb1a5b2c5391f1aa,U.S. Bureau of Labor Statistics,Official API,https://www.bls.gov/cpi/,US CPI - July 2025,"Consumer Price Index for All Urban Consumers, All Items, U.S. city average, for July 2025.",CPI-U All Items value for July 2025: 323.048,2025-07-01,Released,,2026-08-03T05:48:17Z,United States,North America,en,Multi-Asset,United States,Macroeconomics,CPI Release,322.561,,323.048,Index Points,,90,,0.98,"Equities, Bonds, Commodities, Foreign Exchange, Banking","CPI releases can affect inflation expectations, interest-rate outlook, USD, bonds, equities and gold.",,"CPI, inflation, consumer prices, BLS, interest rates",U.S. Bureau of Labor Statistics,"USD, Gold, US Treasury Bonds, S&P 500","{""year"": ""2025"", ""period"": ""M07"", ""periodName"": ""July"", ""value"": ""323.048"", ""footnotes"": [{}]}"
cab55627fdb21b7bc262,U.S. Bureau of Labor Statistics,Official API,https://www.bls.gov/cpi/,US CPI - June 2025,"Consumer Price Index for All Urban Consumers, All Items, U.S. city average, for June 2025.",CPI-U All Items value for June 2025: 322.561,2025-06-01,Released,,2026-08-03T05:48:17Z,United States,North America,en,Multi-Asset,United States,Macroeconomics,CPI Release,321.465,,322.561,Index Points,,90,,0.98,"Equities, Bonds, Commodities, Foreign Exchange, Banking","CPI releases can affect inflation expectations, interest-rate outlook, USD, bonds, equities and gold.",,"CPI, inflation, consumer prices, BLS, interest rates",U.S. Bureau of Labor Statistics,"USD, Gold, US Treasury Bonds, S&P 500","{""year"": ""2025"", ""period"": ""M06"", ""periodName"": ""June"", ""value"": ""322.561"", ""footnotes"": [{}]}"
3c1669f1a044ab396fa5,U.S. Bureau of Labor Statistics,Official API,https://www.bls.gov/cpi/,US CPI - May 2025,"Consumer Price Index for All Urban Consumers, All Items, U.S. city average, for May 2025.",CPI-U All Items value for May 2025: 321.465,2025-05-01,Released,,2026-08-03T05:48:17Z,United States,North America,en,Multi-Asset,United States,Macroeconomics,CPI Release,320.795,,321.465,Index Points,,90,,0.98,"Equities, Bonds, Commodities, Foreign Exchange, Banking","CPI releases can affect inflation expectations, interest-rate outlook, USD, bonds, equities and gold.",,"CPI, inflation, consumer prices, BLS, interest rates",U.S. Bureau of Labor Statistics,"USD, Gold, US Treasury Bonds, S&P 500","{""year"": ""2025"", ""period"": ""M05"", ""periodName"": ""May"", ""value"": ""321.465"", ""footnotes"": [{}]}"
d00ee35868b1e172c420,U.S. Bureau of Labor Statistics,Official API,https://www.bls.gov/cpi/,US CPI - April 2025,"Consumer Price Index for All Urban Consumers, All Items, U.S. city average, for April 2025.",CPI-U All Items value for April 2025: 320.795,2025-04-01,Released,,2026-08-03T05:48:17Z,United States,North America,en,Multi-Asset,United States,Macroeconomics,CPI Release,319.799,,320.795,Index Points,,90,,0.98,"Equities, Bonds, Commodities, Foreign Exchange, Banking","CPI releases can affect inflation expectations, interest-rate outlook, USD, bonds, equities and gold.",,"CPI, inflation, consumer prices, BLS, interest rates",U.S. Bureau of Labor Statistics,"USD, Gold, US Treasury Bonds, S&P 500","{""year"": ""2025"", ""period"": ""M04"", ""periodName"": ""April"", ""value"": ""320.795"", ""footnotes"": [{}]}"
44f1262738150356c417,U.S. Bureau of Labor Statistics,Official API,https://www.bls.gov/cpi/,US CPI - March 2025,"Consumer Price Index for All Urban Consumers, All Items, U.S. city average, for March 2025.",CPI-U All Items value for March 2025: 319.799,2025-03-01,Released,,2026-08-03T05:48:17Z,United States,North America,en,Multi-Asset,United States,Macroeconomics,CPI Release,319.082,,319.799,Index Points,,90,,0.98,"Equities, Bonds, Commodities, Foreign Exchange, Banking","CPI releases can affect inflation expectations, interest-rate outlook, USD, bonds, equities and gold.",,"CPI, inflation, consumer prices, BLS, interest rates",U.S. Bureau of Labor Statistics,"USD, Gold, US Treasury Bonds, S&P 500","{""year"": ""2025"", ""period"": ""M03"", ""periodName"": ""March"", ""value"": ""319.799"", ""footnotes"": [{}]}"
8cf858321ce3c2583c16,U.S. Bureau of Labor Statistics,Official API,https://www.bls.gov/cpi/,US CPI - February 2025,"Consumer Price Index for All Urban Consumers, All Items, U.S. city average, for February 2025.",CPI-U All Items value for February 2025: 319.082,2025-02-01,Released,,2026-08-03T05:48:17Z,United States,North America,en,Multi-Asset,United States,Macroeconomics,CPI Release,317.671,,319.082,Index Points,,90,,0.98,"Equities, Bonds, Commodities, Foreign Exchange, Banking","CPI releases can affect inflation expectations, interest-rate outlook, USD, bonds, equities and gold.",,"CPI, inflation, consumer prices, BLS, interest rates",U.S. Bureau of Labor Statistics,"USD, Gold, US Treasury Bonds, S&P 500","{""year"": ""2025"", ""period"": ""M02"", ""periodName"": ""February"", ""value"": ""319.082"", ""footnotes"": [{}]}"
8b77d20bfdb7421a8ba4,U.S. Bureau of Labor Statistics,Official API,https://www.bls.gov/cpi/,US CPI - January 2025,"Consumer Price Index for All Urban Consumers, All Items, U.S. city average, for January 2025.",CPI-U All Items value for January 2025: 317.671,2025-01-01,Released,,2026-08-03T05:48:17Z,United States,North America,en,Multi-Asset,United States,Macroeconomics,CPI Release,315.605,,317.671,Index Points,,90,,0.98,"Equities, Bonds, Commodities, Foreign Exchange, Banking","CPI releases can affect inflation expectations, interest-rate outlook, USD, bonds, equities and gold.",,"CPI, inflation, consumer prices, BLS, interest rates",U.S. Bureau of Labor Statistics,"USD, Gold, US Treasury Bonds, S&P 500","{""year"": ""2025"", ""period"": ""M01"", ""periodName"": ""January"", ""value"": ""317.671"", ""footnotes"": [{}]}"
de86788e0727170005cf,U.S. Bureau of Labor Statistics,Official API,https://www.bls.gov/cpi/,US CPI - December 2024,"Consumer Price Index for All Urban Consumers, All Items, U.S. city average, for December 2024.",CPI-U All Items value for December 2024: 315.605,2024-12-01,Released,,2026-08-03T05:48:17Z,United States,North America,en,Multi-Asset,United States,Macroeconomics,CPI Release,315.493,,315.605,Index Points,,90,,0.98,"Equities, Bonds, Commodities, Foreign Exchange, Banking","CPI releases can affect inflation expectations, interest-rate outlook, USD, bonds, equities and gold.",,"CPI, inflation, consumer prices, BLS, interest rates",U.S. Bureau of Labor Statistics,"USD, Gold, US Treasury Bonds, S&P 500","{""year"": ""2024"", ""period"": ""M12"", ""periodName"": ""December"", ""value"": ""315.605"", ""footnotes"": [{}]}"
08177776998bbb083e7b,U.S. Bureau of Labor Statistics,Official API,https://www.bls.gov/cpi/,US CPI - November 2024,"Consumer Price Index for All Urban Consumers, All Items, U.S. city average, for November 2024.",CPI-U All Items value for November 2024: 315.493,2024-11-01,Released,,2026-08-03T05:48:17Z,United States,North America,en,Multi-Asset,United States,Macroeconomics,CPI Release,315.664,,315.493,Index Points,,90,,0.98,"Equities, Bonds, Commodities, Foreign Exchange, Banking","CPI releases can affect inflation expectations, interest-rate outlook, USD, bonds, equities and gold.",,"CPI, inflation, consumer prices, BLS, interest rates",U.S. Bureau of Labor Statistics,"USD, Gold, US Treasury Bonds, S&P 500","{""year"": ""2024"", ""period"": ""M11"", ""periodName"": ""November"", ""value"": ""315.493"", ""footnotes"": [{}]}"
f60dd802e6d9b166cd53,U.S. Bureau of Labor Statistics,Official API,https://www.bls.gov/cpi/,US CPI - October 2024,"Consumer Price Index for All Urban Consumers, All Items, U.S. city average, for October 2024.",CPI-U All Items value for October 2024: 315.664,2024-10-01,Released,,2026-08-03T05:48:17Z,United States,North America,en,Multi-Asset,United States,Macroeconomics,CPI Release,315.301,,315.664,Index Points,,90,,0.98,"Equities, Bonds, Commodities, Foreign Exchange, Banking","CPI releases can affect inflation expectations, interest-rate outlook, USD, bonds, equities and gold.",,"CPI, inflation, consumer prices, BLS, interest rates",U.S. Bureau of Labor Statistics,"USD, Gold, US Treasury Bonds, S&P 500","{""year"": ""2024"", ""period"": ""M10"", ""periodName"": ""October"", ""value"": ""315.664"", ""footnotes"": [{}]}"
9325b397e400993b07f9,U.S. Bureau of Labor Statistics,Official API,https://www.bls.gov/cpi/,US CPI - September 2024,"Consumer Price Index for All Urban Consumers, All Items, U.S. city average, for September 2024.",CPI-U All Items value for September 2024: 315.301,2024-09-01,Released,,2026-08-03T05:48:17Z,United States,North America,en,Multi-Asset,United States,Macroeconomics,CPI Release,314.796,,315.301,Index Points,,90,,0.98,"Equities, Bonds, Commodities, Foreign Exchange, Banking","CPI releases can affect inflation expectations, interest-rate outlook, USD, bonds, equities and gold.",,"CPI, inflation, consumer prices, BLS, interest rates",U.S. Bureau of Labor Statistics,"USD, Gold, US Treasury Bonds, S&P 500","{""year"": ""2024"", ""period"": ""M09"", ""periodName"": ""September"", ""value"": ""315.301"", ""footnotes"": [{}]}"
06c0e76d9b1a713e6f08,U.S. Bureau of Labor Statistics,Official API,https://www.bls.gov/cpi/,US CPI - August 2024,"Consumer Price Index for All Urban Consumers, All Items, U.S. city average, for August 2024.",CPI-U All Items value for August 2024: 314.796,2024-08-01,Released,,2026-08-03T05:48:17Z,United States,North America,en,Multi-Asset,United States,Macroeconomics,CPI Release,314.54,,314.796,Index Points,,90,,0.98,"Equities, Bonds, Commodities, Foreign Exchange, Banking","CPI releases can affect inflation expectations, interest-rate outlook, USD, bonds, equities and gold.",,"CPI, inflation, consumer prices, BLS, interest rates",U.S. Bureau of Labor Statistics,"USD, Gold, US Treasury Bonds, S&P 500","{""year"": ""2024"", ""period"": ""M08"", ""periodName"": ""August"", ""value"": ""314.796"", ""footnotes"": [{}]}"
ad5a9d99061520798432,U.S. Bureau of Labor Statistics,Official API,https://www.bls.gov/cpi/,US CPI - July 2024,"Consumer Price Index for All Urban Consumers, All Items, U.S. city average, for July 2024.",CPI-U All Items value for July 2024: 314.54,2024-07-01,Released,,2026-08-03T05:48:17Z,United States,North America,en,Multi-Asset,United States,Macroeconomics,CPI Release,314.175,,314.54,Index Points,,90,,0.98,"Equities, Bonds, Commodities, Foreign Exchange, Banking","CPI releases can affect inflation expectations, interest-rate outlook, USD, bonds, equities and gold.",,"CPI, inflation, consumer prices, BLS, interest rates",U.S. Bureau of Labor Statistics,"USD, Gold, US Treasury Bonds, S&P 500","{""year"": ""2024"", ""period"": ""M07"", ""periodName"": ""July"", ""value"": ""314.540"", ""footnotes"": [{}]}"
3a7c6ca66bd281173cbb,U.S. Bureau of Labor Statistics,Official API,https://www.bls.gov/cpi/,US CPI - June 2024,"Consumer Price Index for All Urban Consumers, All Items, U.S. city average, for June 2024.",CPI-U All Items value for June 2024: 314.175,2024-06-01,Released,,2026-08-03T05:48:17Z,United States,North America,en,Multi-Asset,United States,Macroeconomics,CPI Release,314.069,,314.175,Index Points,,90,,0.98,"Equities, Bonds, Commodities, Foreign Exchange, Banking","CPI releases can affect inflation expectations, interest-rate outlook, USD, bonds, equities and gold.",,"CPI, inflation, consumer prices, BLS, interest rates",U.S. Bureau of Labor Statistics,"USD, Gold, US Treasury Bonds, S&P 500","{""year"": ""2024"", ""period"": ""M06"", ""periodName"": ""June"", ""value"": ""314.175"", ""footnotes"": [{}]}"
ff6433a88e29c630025d,U.S. Bureau of Labor Statistics,Official API,https://www.bls.gov/cpi/,US CPI - May 2024,"Consumer Price Index for All Urban Consumers, All Items, U.S. city average, for May 2024.",CPI-U All Items value for May 2024: 314.069,2024-05-01,Released,,2026-08-03T05:48:17Z,United States,North America,en,Multi-Asset,United States,Macroeconomics,CPI Release,313.548,,314.069,Index Points,,90,,0.98,"Equities, Bonds, Commodities, Foreign Exchange, Banking","CPI releases can affect inflation expectations, interest-rate outlook, USD, bonds, equities and gold.",,"CPI, inflation, consumer prices, BLS, interest rates",U.S. Bureau of Labor Statistics,"USD, Gold, US Treasury Bonds, S&P 500","{""year"": ""2024"", ""period"": ""M05"", ""periodName"": ""May"", ""value"": ""314.069"", ""footnotes"": [{}]}"
c6323ec0de2975bedd63,U.S. Bureau of Labor Statistics,Official API,https://www.bls.gov/cpi/,US CPI - April 2024,"Consumer Price Index for All Urban Consumers, All Items, U.S. city average, for April 2024.",CPI-U All Items value for April 2024: 313.548,2024-04-01,Released,,2026-08-03T05:48:17Z,United States,North America,en,Multi-Asset,United States,Macroeconomics,CPI Release,312.332,,313.548,Index Points,,90,,0.98,"Equities, Bonds, Commodities, Foreign Exchange, Banking","CPI releases can affect inflation expectations, interest-rate outlook, USD, bonds, equities and gold.",,"CPI, inflation, consumer prices, BLS, interest rates",U.S. Bureau of Labor Statistics,"USD, Gold, US Treasury Bonds, S&P 500","{""year"": ""2024"", ""period"": ""M04"", ""periodName"": ""April"", ""value"": ""313.548"", ""footnotes"": [{}]}"
4e456fcca18ae3b5ac07,U.S. Bureau of Labor Statistics,Official API,https://www.bls.gov/cpi/,US CPI - March 2024,"Consumer Price Index for All Urban Consumers, All Items, U.S. city average, for March 2024.",CPI-U All Items value for March 2024: 312.332,2024-03-01,Released,,2026-08-03T05:48:17Z,United States,North America,en,Multi-Asset,United States,Macroeconomics,CPI Release,310.326,,312.332,Index Points,,90,,0.98,"Equities, Bonds, Commodities, Foreign Exchange, Banking","CPI releases can affect inflation expectations, interest-rate outlook, USD, bonds, equities and gold.",,"CPI, inflation, consumer prices, BLS, interest rates",U.S. Bureau of Labor Statistics,"USD, Gold, US Treasury Bonds, S&P 500","{""year"": ""2024"", ""period"": ""M03"", ""periodName"": ""March"", ""value"": ""312.332"", ""footnotes"": [{}]}"
21b5ed3eb18e819b3297,U.S. Bureau of Labor Statistics,Official API,https://www.bls.gov/cpi/,US CPI - February 2024,"Consumer Price Index for All Urban Consumers, All Items, U.S. city average, for February 2024.",CPI-U All Items value for February 2024: 310.326,2024-02-01,Released,,2026-08-03T05:48:17Z,United States,North America,en,Multi-Asset,United States,Macroeconomics,CPI Release,308.417,,310.326,Index Points,,90,,0.98,"Equities, Bonds, Commodities, Foreign Exchange, Banking","CPI releases can affect inflation expectations, interest-rate outlook, USD, bonds, equities and gold.",,"CPI, inflation, consumer prices, BLS, interest rates",U.S. Bureau of Labor Statistics,"USD, Gold, US Treasury Bonds, S&P 500","{""year"": ""2024"", ""period"": ""M02"", ""periodName"": ""February"", ""value"": ""310.326"", ""footnotes"": [{}]}"
eb8053b23de4ff4702e4,U.S. Bureau of Labor Statistics,Official API,https://www.bls.gov/cpi/,US CPI - January 2024,"Consumer Price Index for All Urban Consumers, All Items, U.S. city average, for January 2024.",CPI-U All Items value for January 2024: 308.417,2024-01-01,Released,,2026-08-03T05:48:17Z,United States,North America,en,Multi-Asset,United States,Macroeconomics,CPI Release,306.746,,308.417,Index Points,,90,,0.98,"Equities, Bonds, Commodities, Foreign Exchange, Banking","CPI releases can affect inflation expectations, interest-rate outlook, USD, bonds, equities and gold.",,"CPI, inflation, consumer prices, BLS, interest rates",U.S. Bureau of Labor Statistics,"USD, Gold, US Treasury Bonds, S&P 500","{""year"": ""2024"", ""period"": ""M01"", ""periodName"": ""January"", ""value"": ""308.417"", ""footnotes"": [{}]}"
cbbc89b18c5346882b9c,U.S. Bureau of Labor Statistics,Official API,https://www.bls.gov/cpi/,US CPI - December 2023,"Consumer Price Index for All Urban Consumers, All Items, U.S. city average, for December 2023.",CPI-U All Items value for December 2023: 306.746,2023-12-01,Released,,2026-08-03T05:48:17Z,United States,North America,en,Multi-Asset,United States,Macroeconomics,CPI Release,307.051,,306.746,Index Points,,90,,0.98,"Equities, Bonds, Commodities, Foreign Exchange, Banking","CPI releases can affect inflation expectations, interest-rate outlook, USD, bonds, equities and gold.",,"CPI, inflation, consumer prices, BLS, interest rates",U.S. Bureau of Labor Statistics,"USD, Gold, US Treasury Bonds, S&P 500","{""year"": ""2023"", ""period"": ""M12"", ""periodName"": ""December"", ""value"": ""306.746"", ""footnotes"": [{}]}"
6a19afd06cc391bd9c17,U.S. Bureau of Labor Statistics,Official API,https://www.bls.gov/cpi/,US CPI - November 2023,"Consumer Price Index for All Urban Consumers, All Items, U.S. city average, for November 2023.",CPI-U All Items value for November 2023: 307.051,2023-11-01,Released,,2026-08-03T05:48:17Z,United States,North America,en,Multi-Asset,United States,Macroeconomics,CPI Release,307.671,,307.051,Index Points,,90,,0.98,"Equities, Bonds, Commodities, Foreign Exchange, Banking","CPI releases can affect inflation expectations, interest-rate outlook, USD, bonds, equities and gold.",,"CPI, inflation, consumer prices, BLS, interest rates",U.S. Bureau of Labor Statistics,"USD, Gold, US Treasury Bonds, S&P 500","{""year"": ""2023"", ""period"": ""M11"", ""periodName"": ""November"", ""value"": ""307.051"", ""footnotes"": [{}]}"
28dc93b7a0d33a4e01a0,U.S. Bureau of Labor Statistics,Official API,https://www.bls.gov/cpi/,US CPI - October 2023,"Consumer Price Index for All Urban Consumers, All Items, U.S. city average, for October 2023.",CPI-U All Items value for October 2023: 307.671,2023-10-01,Released,,2026-08-03T05:48:17Z,United States,North America,en,Multi-Asset,United States,Macroeconomics,CPI Release,307.789,,307.671,Index Points,,90,,0.98,"Equities, Bonds, Commodities, Foreign Exchange, Banking","CPI releases can affect inflation expectations, interest-rate outlook, USD, bonds, equities and gold.",,"CPI, inflation, consumer prices, BLS, interest rates",U.S. Bureau of Labor Statistics,"USD, Gold, US Treasury Bonds, S&P 500","{""year"": ""2023"", ""period"": ""M10"", ""periodName"": ""October"", ""value"": ""307.671"", ""footnotes"": [{}]}"
fd5879cd8eb2041c79e8,U.S. Bureau of Labor Statistics,Official API,https://www.bls.gov/cpi/,US CPI - September 2023,"Consumer Price Index for All Urban Consumers, All Items, U.S. city average, for September 2023.",CPI-U All Items value for September 2023: 307.789,2023-09-01,Released,,2026-08-03T05:48:17Z,United States,North America,en,Multi-Asset,United States,Macroeconomics,CPI Release,307.026,,307.789,Index Points,,90,,0.98,"Equities, Bonds, Commodities, Foreign Exchange, Banking","CPI releases can affect inflation expectations, interest-rate outlook, USD, bonds, equities and gold.",,"CPI, inflation, consumer prices, BLS, interest rates",U.S. Bureau of Labor Statistics,"USD, Gold, US Treasury Bonds, S&P 500","{""year"": ""2023"", ""period"": ""M09"", ""periodName"": ""September"", ""value"": ""307.789"", ""footnotes"": [{}]}"
d7a6e67e662bded94f1b,U.S. Bureau of Labor Statistics,Official API,https://www.bls.gov/cpi/,US CPI - August 2023,"Consumer Price Index for All Urban Consumers, All Items, U.S. city average, for August 2023.",CPI-U All Items value for August 2023: 307.026,2023-08-01,Released,,2026-08-03T05:48:17Z,United States,North America,en,Multi-Asset,United States,Macroeconomics,CPI Release,305.691,,307.026,Index Points,,90,,0.98,"Equities, Bonds, Commodities, Foreign Exchange, Banking","CPI releases can affect inflation expectations, interest-rate outlook, USD, bonds, equities and gold.",,"CPI, inflation, consumer prices, BLS, interest rates",U.S. Bureau of Labor Statistics,"USD, Gold, US Treasury Bonds, S&P 500","{""year"": ""2023"", ""period"": ""M08"", ""periodName"": ""August"", ""value"": ""307.026"", ""footnotes"": [{}]}"
603799b67658ffdcf3cc,U.S. Bureau of Labor Statistics,Official API,https://www.bls.gov/cpi/,US CPI - July 2023,"Consumer Price Index for All Urban Consumers, All Items, U.S. city average, for July 2023.",CPI-U All Items value for July 2023: 305.691,2023-07-01,Released,,2026-08-03T05:48:17Z,United States,North America,en,Multi-Asset,United States,Macroeconomics,CPI Release,305.109,,305.691,Index Points,,90,,0.98,"Equities, Bonds, Commodities, Foreign Exchange, Banking","CPI releases can affect inflation expectations, interest-rate outlook, USD, bonds, equities and gold.",,"CPI, inflation, consumer prices, BLS, interest rates",U.S. Bureau of Labor Statistics,"USD, Gold, US Treasury Bonds, S&P 500","{""year"": ""2023"", ""period"": ""M07"", ""periodName"": ""July"", ""value"": ""305.691"", ""footnotes"": [{}]}"
9e301856be6dc2db27ac,U.S. Bureau of Labor Statistics,Official API,https://www.bls.gov/cpi/,US CPI - June 2023,"Consumer Price Index for All Urban Consumers, All Items, U.S. city average, for June 2023.",CPI-U All Items value for June 2023: 305.109,2023-06-01,Released,,2026-08-03T05:48:17Z,United States,North America,en,Multi-Asset,United States,Macroeconomics,CPI Release,304.127,,305.109,Index Points,,90,,0.98,"Equities, Bonds, Commodities, Foreign Exchange, Banking","CPI releases can affect inflation expectations, interest-rate outlook, USD, bonds, equities and gold.",,"CPI, inflation, consumer prices, BLS, interest rates",U.S. Bureau of Labor Statistics,"USD, Gold, US Treasury Bonds, S&P 500","{""year"": ""2023"", ""period"": ""M06"", ""periodName"": ""June"", ""value"": ""305.109"", ""footnotes"": [{}]}"
3bba1c34d9566ca5dec7,U.S. Bureau of Labor Statistics,Official API,https://www.bls.gov/cpi/,US CPI - May 2023,"Consumer Price Index for All Urban Consumers, All Items, U.S. city average, for May 2023.",CPI-U All Items value for May 2023: 304.127,2023-05-01,Released,,2026-08-03T05:48:17Z,United States,North America,en,Multi-Asset,United States,Macroeconomics,CPI Release,303.363,,304.127,Index Points,,90,,0.98,"Equities, Bonds, Commodities, Foreign Exchange, Banking","CPI releases can affect inflation expectations, interest-rate outlook, USD, bonds, equities and gold.",,"CPI, inflation, consumer prices, BLS, interest rates",U.S. Bureau of Labor Statistics,"USD, Gold, US Treasury Bonds, S&P 500","{""year"": ""2023"", ""period"": ""M05"", ""periodName"": ""May"", ""value"": ""304.127"", ""footnotes"": [{}]}"
78d0923fea1c1dfdf135,U.S. Bureau of Labor Statistics,Official API,https://www.bls.gov/cpi/,US CPI - April 2023,"Consumer Price Index for All Urban Consumers, All Items, U.S. city average, for April 2023.",CPI-U All Items value for April 2023: 303.363,2023-04-01,Released,,2026-08-03T05:48:17Z,United States,North America,en,Multi-Asset,United States,Macroeconomics,CPI Release,301.836,,303.363,Index Points,,90,,0.98,"Equities, Bonds, Commodities, Foreign Exchange, Banking","CPI releases can affect inflation expectations, interest-rate outlook, USD, bonds, equities and gold.",,"CPI, inflation, consumer prices, BLS, interest rates",U.S. Bureau of Labor Statistics,"USD, Gold, US Treasury Bonds, S&P 500","{""year"": ""2023"", ""period"": ""M04"", ""periodName"": ""April"", ""value"": ""303.363"", ""footnotes"": [{}]}"
54229c9aadcd59c3a4e9,U.S. Bureau of Labor Statistics,Official API,https://www.bls.gov/cpi/,US CPI - March 2023,"Consumer Price Index for All Urban Consumers, All Items, U.S. city average, for March 2023.",CPI-U All Items value for March 2023: 301.836,2023-03-01,Released,,2026-08-03T05:48:17Z,United States,North America,en,Multi-Asset,United States,Macroeconomics,CPI Release,300.84,,301.836,Index Points,,90,,0.98,"Equities, Bonds, Commodities, Foreign Exchange, Banking","CPI releases can affect inflation expectations, interest-rate outlook, USD, bonds, equities and gold.",,"CPI, inflation, consumer prices, BLS, interest rates",U.S. Bureau of Labor Statistics,"USD, Gold, US Treasury Bonds, S&P 500","{""year"": ""2023"", ""period"": ""M03"", ""periodName"": ""March"", ""value"": ""301.836"", ""footnotes"": [{}]}"
a187ffae45f6aae54da9,U.S. Bureau of Labor Statistics,Official API,https://www.bls.gov/cpi/,US CPI - February 2023,"Consumer Price Index for All Urban Consumers, All Items, U.S. city average, for February 2023.",CPI-U All Items value for February 2023: 300.84,2023-02-01,Released,,2026-08-03T05:48:17Z,United States,North America,en,Multi-Asset,United States,Macroeconomics,CPI Release,299.17,,300.84,Index Points,,90,,0.98,"Equities, Bonds, Commodities, Foreign Exchange, Banking","CPI releases can affect inflation expectations, interest-rate outlook, USD, bonds, equities and gold.",,"CPI, inflation, consumer prices, BLS, interest rates",U.S. Bureau of Labor Statistics,"USD, Gold, US Treasury Bonds, S&P 500","{""year"": ""2023"", ""period"": ""M02"", ""periodName"": ""February"", ""value"": ""300.840"", ""footnotes"": [{}]}"
a1740a75e0c125c15857,U.S. Bureau of Labor Statistics,Official API,https://www.bls.gov/cpi/,US CPI - January 2023,"Consumer Price Index for All Urban Consumers, All Items, U.S. city average, for January 2023.",CPI-U All Items value for January 2023: 299.17,2023-01-01,Released,,2026-08-03T05:48:17Z,United States,North America,en,Multi-Asset,United States,Macroeconomics,CPI Release,,,299.17,Index Points,,90,,0.98,"Equities, Bonds, Commodities, Foreign Exchange, Banking","CPI releases can affect inflation expectations, interest-rate outlook, USD, bonds, equities and gold.",,"CPI, inflation, consumer prices, BLS, interest rates",U.S. Bureau of Labor Statistics,"USD, Gold, US Treasury Bonds, S&P 500","{""year"": ""2023"", ""period"": ""M01"", ""periodName"": ""January"", ""value"": ""299.170"", ""footnotes"": [{}]}"
